Source,Target,Type,id,label,timeset,weight,net_exp
Algeria,Austria,Undirected,10,,,0.009999999776482582,342543.3
Algeria,Belgium,Undirected,11,,,0.019999999552965164,988684.4
Algeria,Brazil,Undirected,12,,,0.03999999910593033,1941195
Algeria,Canada,Undirected,13,,,0.019999999552965164,804772.1
Algeria,China,Undirected,14,,,0.009999999776482582,757770.6
Algeria,Egypt,Undirected,17,,,0.009999999776482582,507874.7
Algeria,France,Undirected,18,,,0.07000000029802322,3817761
Algeria,Germany,Undirected,19,,,0.029999999329447746,1437817
Algeria,India,Undirected,21,,,0.009999999776482582,363385.9
Algeria,Italy,Undirected,22,,,0.05000000074505806,2753502
Algeria,Japan,Undirected,23,,,0.019999999552965164,913172.6
Algeria,KoreaRepublicof,Undirected,24,,,0.019999999552965164,851057.7
Algeria,Morocco,Undirected,30,,,0.019999999552965164,961136.8
Algeria,Netherlands,Undirected,31,,,0.009999999776482582,721383.1
Algeria,Portugal,Undirected,32,,,0.009999999776482582,600965.4
Algeria,Spain,Undirected,34,,,0.12999999523162842,6676996
Algeria,Tunisia,Undirected,36,,,0.029999999329447746,1754058
Algeria,Turkey,Undirected,37,,,0.009999999776482582,715530.4
Algeria,UnitedKingdom,Undirected,38,,,0.05000000074505806,2639681
Algeria,UnitedStates,Undirected,39,,,0.05999999865889549,3244316
Angola,Brazil,Undirected,42,,,0.009999999776482582,451911.4
Angola,Canada,Undirected,43,,,0.009999999776482582,640335.1
Angola,China,Undirected,44,,,0.30000001192092896,1.56e+07
Angola,France,Undirected,46,,,0.019999999552965164,803976.1
Angola,India,Undirected,48,,,0.05999999865889549,3082749
Angola,Italy,Undirected,49,,,0.009999999776482582,469147.9
Angola,Netherlands,Undirected,51,,,0.009999999776482582,734522.4
Angola,Portugal,Undirected,53,,,0.029999999329447746,1380236
Angola,SouthAfrica,Undirected,54,,,0.019999999552965164,960111.1
Angola,Spain,Undirected,55,,,0.029999999329447746,1585160
Angola,UnitedKingdom,Undirected,57,,,0.009999999776482582,399338.3
Angola,UnitedStates,Undirected,58,,,0.07000000029802322,3666324
Australia,Brazil,Undirected,88,,,0.009999999776482582,654882.3
Australia,China,Undirected,89,,,0.07000000029802322,3842819
Australia,ChinaTaiwanProvince,Undirected,91,,,0.029999999329447746,1633798
Australia,France,Undirected,94,,,0.009999999776482582,344979.1
Australia,India,Undirected,98,,,0.05999999865889549,3017610
Australia,Japan,Undirected,101,,,0.14000000059604645,7246603
Australia,KoreaRepublicof,Undirected,103,,,0.019999999552965164,945726.3
Australia,Netherlands,Undirected,105,,,0.009999999776482582,654055.6
Australia,Thailand,Undirected,117,,,0.019999999552965164,808822.5
Austria,Hungary,Undirected,130,,,0.009999999776482582,309320.4
Austria,Switzerland,Undirected,144,,,0.009999999776482582,421688.5
Azerbaijan,Austria,Undirected,152,,,0.009999999776482582,282809.9
Azerbaijan,Canada,Undirected,156,,,0.009999999776482582,288176
Azerbaijan,CzechRepublic,Undirected,158,,,0.019999999552965164,848159.7
Azerbaijan,France,Undirected,162,,,0.019999999552965164,959880.3
Azerbaijan,Georgia,Undirected,163,,,0.009999999776482582,319303.2
Azerbaijan,Germany,Undirected,164,,,0.029999999329447746,1819730
Azerbaijan,Italy,Undirected,167,,,0.07000000029802322,3682332
Azerbaijan,Spain,Undirected,177,,,0.009999999776482582,356585.5
Azerbaijan,UnitedStates,Undirected,183,,,0.009999999776482582,386004.6
Bahrain,Japan,Undirected,202,,,0.009999999776482582,315345
Bahrain,KoreaRepublicof,Undirected,203,,,0.009999999776482582,393909.8
Bahrain,Mozambique,Undirected,207,,,0.009999999776482582,375611.9
Belarus,Germany,Undirected,235,,,0.009999999776482582,565826.7
Belarus,Lithuania,Undirected,242,,,0.009999999776482582,361112.7
Belarus,Netherlands,Undirected,243,,,0.019999999552965164,979003.7
Belarus,Ukraine,Undirected,253,,,0.029999999329447746,1779707
Belarus,UnitedKingdom,Undirected,255,,,0.05999999865889549,2969298
Belgium,France,Undirected,284,,,0.07999999821186066,4198166
Belgium,Germany,Undirected,287,,,0.05999999865889549,3106237
Belgium,Luxembourg,Undirected,307,,,0.019999999552965164,1122446
Belgium,Nigeria,Undirected,321,,,0.029999999329447746,1411423
Belgium,Switzerland,Undirected,337,,,0.009999999776482582,585974.2
Belgium,Togo,Undirected,340,,,0.03999999910593033,1841964
Belgium,UnitedStates,Undirected,343,,,0.009999999776482582,450566.1
Bolivia,Argentina,Undirected,359,,,0.029999999329447746,1753514
Bolivia,Brazil,Undirected,360,,,0.05000000074505806,2384097
Brazil,Bahamas,Undirected,385,,,0.009999999776482582,564102.6
Brazil,Chile,Undirected,387,,,0.019999999552965164,1120016
Brazil,China,Undirected,388,,,0.07000000029802322,3903940
Brazil,India,Undirected,394,,,0.009999999776482582,315618.1
Brazil,Singapore,Undirected,399,,,0.009999999776482582,416064.2
Brazil,Uruguay,Undirected,405,,,0.019999999552965164,1298610
BruneiDarussalam,ChinaTaiwanProvince,Undirected,407,,,0.009999999776482582,403509.3
BruneiDarussalam,India,Undirected,408,,,0.009999999776482582,640520.3
BruneiDarussalam,Japan,Undirected,410,,,0.05000000074505806,2367189
BruneiDarussalam,KoreaRepublicof,Undirected,411,,,0.019999999552965164,950245.9
BruneiDarussalam,NewZealand,Undirected,413,,,0.009999999776482582,363045.4
BruneiDarussalam,Thailand,Undirected,416,,,0.009999999776482582,652287.3
Bulgaria,Turkey,Undirected,445,,,0.009999999776482582,585008.3
Cameroon,China,Undirected,467,,,0.009999999776482582,315158.3
Cameroon,India,Undirected,471,,,0.009999999776482582,530505.5
Canada,China,Undirected,488,,,0.009999999776482582,447682.4
Canada,Japan,Undirected,505,,,0.019999999552965164,785183.3
Canada,KoreaRepublicof,Undirected,508,,,0.009999999776482582,515181.8
Canada,UnitedStates,Undirected,532,,,1.0,5.23e+07
Chad,India,Undirected,538,,,0.009999999776482582,354138.8
Chad,UnitedStates,Undirected,540,,,0.029999999329447746,1572707
ChinaTaiwanProvince,ChinaHongKongSAR,Undirected,563,,,0.019999999552965164,1289592
ChinaTaiwanProvince,Philippines,Undirected,572,,,0.05000000074505806,2733770
ChinaTaiwanProvince,Singapore,Undirected,573,,,0.03999999910593033,2180842
ChinaTaiwanProvince,VietNam,Undirected,575,,,0.009999999776482582,564730.6
China,Bangladesh,Undirected,580,,,0.009999999776482582,309224.6
China,ChinaHongKongSAR,Undirected,582,,,0.11999999731779099,6073179
China,ChinaMacaoSAR,Undirected,583,,,0.009999999776482582,677632.9
China,Japan,Undirected,601,,,0.009999999776482582,619823.6
China,Liberia,Undirected,606,,,0.009999999776482582,310484.1
China,Panama,Undirected,616,,,0.009999999776482582,601060.3
China,Philippines,Undirected,617,,,0.009999999776482582,513992.1
Colombia,Aruba,Undirected,633,,,0.019999999552965164,865834.1
Colombia,Bahamas,Undirected,634,,,0.009999999776482582,741072.3
Colombia,Brazil,Undirected,637,,,0.009999999776482582,461842.9
Colombia,Chile,Undirected,639,,,0.009999999776482582,458833.8
Colombia,China,Undirected,640,,,0.029999999329447746,1543497
Colombia,India,Undirected,653,,,0.009999999776482582,503442.7
Colombia,Israel,Undirected,655,,,0.009999999776482582,277722.8
Colombia,Italy,Undirected,656,,,0.009999999776482582,263957
Colombia,Netherlands,Undirected,664,,,0.019999999552965164,1061328
Colombia,Panama,Undirected,665,,,0.03999999910593033,2149224
Colombia,Portugal,Undirected,667,,,0.009999999776482582,300572.8
Colombia,Spain,Undirected,672,,,0.029999999329447746,1428337
Colombia,Turkey,Undirected,677,,,0.009999999776482582,656954
Colombia,UnitedKingdom,Undirected,680,,,0.009999999776482582,345818.4
Colombia,UnitedStates,Undirected,681,,,0.019999999552965164,1204003
Congo,China,Undirected,686,,,0.029999999329447746,1748963
Congo,Italy,Undirected,691,,,0.009999999776482582,522963.7
CzechRepublic,Germany,Undirected,775,,,0.009999999776482582,408477.8
CzechRepublic,Slovakia,Undirected,791,,,0.019999999552965164,1117783
DemRepoftheCongo,China,Undirected,800,,,0.009999999776482582,599332.6
Denmark,Finland,Undirected,809,,,0.009999999776482582,299621.1
Denmark,Sweden,Undirected,827,,,0.019999999552965164,1250027
Denmark,UnitedKingdom,Undirected,830,,,0.009999999776482582,279551.7
Ecuador,Chile,Undirected,848,,,0.019999999552965164,882214.5
Ecuador,Peru,Undirected,854,,,0.009999999776482582,642740.1
Ecuador,UnitedStates,Undirected,856,,,0.029999999329447746,1310999
Egypt,India,Undirected,868,,,0.009999999776482582,532866.4
EquatorialGuinea,Brazil,Undirected,897,,,0.009999999776482582,504336.2
EquatorialGuinea,China,Undirected,900,,,0.019999999552965164,1299912
EquatorialGuinea,France,Undirected,902,,,0.009999999776482582,606077.6
EquatorialGuinea,Singapore,Undirected,908,,,0.009999999776482582,385189.7
EquatorialGuinea,Spain,Undirected,910,,,0.009999999776482582,411987.2
EquatorialGuinea,UnitedKingdom,Undirected,912,,,0.019999999552965164,916750.4
Estonia,Latvia,Undirected,930,,,0.009999999776482582,304320.3
Estonia,UnitedStates,Undirected,944,,,0.009999999776482582,449128.8
Finland,Estonia,Undirected,965,,,0.009999999776482582,341459.8
Finland,Latvia,Undirected,973,,,0.009999999776482582,340232.4
Finland,UnitedKingdom,Undirected,982,,,0.009999999776482582,442908.8
France,Italy,Undirected,1017,,,0.019999999552965164,936908.9
France,Lebanon,Undirected,1023,,,0.009999999776482582,312807.8
France,Switzerland,Undirected,1042,,,0.03999999910593033,2059022
France,Togo,Undirected,1046,,,0.009999999776482582,393347.6
Gabon,China,Undirected,1054,,,0.009999999776482582,371676.4
Gabon,Spain,Undirected,1065,,,0.009999999776482582,325106.6
Gabon,UnitedStates,Undirected,1068,,,0.009999999776482582,290856.1
Germany,Austria,Undirected,1074,,,0.05999999865889549,3058951
Germany,Luxembourg,Undirected,1110,,,0.009999999776482582,385005.9
Germany,Poland,Undirected,1121,,,0.019999999552965164,1162165
Germany,Switzerland,Undirected,1131,,,0.05999999865889549,3038995
Ghana,China,Undirected,1142,,,0.009999999776482582,556288.9
Ghana,ChinaTaiwanProvince,Undirected,1143,,,0.009999999776482582,286239.7
Ghana,France,Undirected,1144,,,0.009999999776482582,274439.4
Ghana,Italy,Undirected,1146,,,0.009999999776482582,301522.3
Greece,Cyprus,Undirected,1173,,,0.009999999776482582,507740.4
Greece,Egypt,Undirected,1176,,,0.019999999552965164,835005.3
Greece,Gibraltar,Undirected,1181,,,0.009999999776482582,399231.9
Greece,Italy,Undirected,1187,,,0.009999999776482582,626554
Greece,KoreaRepublicof,Undirected,1191,,,0.009999999776482582,285826.8
Greece,TFYRofMacedonia,Undirected,1205,,,0.009999999776482582,392580.6
Greece,Turkey,Undirected,1209,,,0.019999999552965164,802267
Hungary,Croatia,Undirected,1248,,,0.009999999776482582,406933
Hungary,Serbia,Undirected,1260,,,0.009999999776482582,422729.8
India,ChinaTaiwanProvince,Undirected,1297,,,0.009999999776482582,295943.4
India,France,Undirected,1304,,,0.009999999776482582,768998.6
India,Gibraltar,Undirected,1306,,,0.019999999552965164,1020362
India,Israel,Undirected,1307,,,0.019999999552965164,868604.4
India,Japan,Undirected,1308,,,0.019999999552965164,960953.3
India,Kenya,Undirected,1310,,,0.029999999329447746,1721354
India,Mozambique,Undirected,1319,,,0.019999999552965164,818273.3
India,Nepal,Undirected,1321,,,0.009999999776482582,746999.9
India,Netherlands,Undirected,1322,,,0.019999999552965164,1234865
India,Oman,Undirected,1324,,,0.009999999776482582,646682.8
India,Singapore,Undirected,1331,,,0.03999999910593033,2179895
India,SriLanka,Undirected,1334,,,0.009999999776482582,778477.8
India,TanzaniaUnitedRepublic,Undirected,1337,,,0.009999999776482582,763258.8
India,Turkey,Undirected,1341,,,0.019999999552965164,1050535
India,UnitedStates,Undirected,1343,,,0.019999999552965164,990521.3
Indonesia,Australia,Undirected,1345,,,0.009999999776482582,411420.1
Indonesia,China,Undirected,1349,,,0.07000000029802322,3907331
Indonesia,ChinaHongKongSAR,Undirected,1350,,,0.009999999776482582,497850.1
Indonesia,ChinaTaiwanProvince,Undirected,1351,,,0.05999999865889549,3216798
Indonesia,India,Undirected,1354,,,0.07999999821186066,3969830
Indonesia,Japan,Undirected,1357,,,0.15000000596046448,7632387
Indonesia,KoreaRepublicof,Undirected,1358,,,0.05000000074505806,2479147
Indonesia,Philippines,Undirected,1363,,,0.019999999552965164,809629.9
Indonesia,Thailand,Undirected,1367,,,0.019999999552965164,1195043
Indonesia,UnitedStates,Undirected,1370,,,0.009999999776482582,283006.6
IranIslamicRepublic,China,Undirected,1379,,,0.27000001072883606,1.41e+07
IranIslamicRepublic,ChinaTaiwanProvince,Undirected,1381,,,0.009999999776482582,498495
IranIslamicRepublic,India,Undirected,1386,,,0.12999999523162842,6542322
IranIslamicRepublic,Italy,Undirected,1388,,,0.009999999776482582,363831
IranIslamicRepublic,Japan,Undirected,1389,,,0.07999999821186066,4334754
IranIslamicRepublic,KoreaRepublicof,Undirected,1390,,,0.05999999865889549,2948710
IranIslamicRepublic,Turkey,Undirected,1407,,,0.05000000074505806,2702689
IranIslamicRepublic,UnitedArabEmirates,Undirected,1408,,,0.009999999776482582,331426
Iraq,Brazil,Undirected,1412,,,0.009999999776482582,460834.6
Iraq,Canada,Undirected,1413,,,0.009999999776482582,436564.3
Iraq,China,Undirected,1414,,,0.20000000298023224,1.06e+07
Iraq,Egypt,Undirected,1416,,,0.009999999776482582,502176.8
Iraq,France,Undirected,1417,,,0.009999999776482582,777636.3
Iraq,Germany,Undirected,1418,,,0.009999999776482582,386534.9
Iraq,Greece,Undirected,1419,,,0.05000000074505806,2786160
Iraq,Hungary,Undirected,1420,,,0.009999999776482582,278614.8
Iraq,India,Undirected,1421,,,0.1899999976158142,9790976
Iraq,Italy,Undirected,1422,,,0.05999999865889549,3257413
Iraq,Japan,Undirected,1423,,,0.019999999552965164,1064502
Iraq,KoreaRepublicof,Undirected,1425,,,0.10000000149011612,5475622
Iraq,Netherlands,Undirected,1428,,,0.029999999329447746,1470686
Iraq,Poland,Undirected,1430,,,0.009999999776482582,449115.2
Iraq,Singapore,Undirected,1432,,,0.019999999552965164,881405.2
Iraq,Spain,Undirected,1433,,,0.019999999552965164,1133741
Iraq,UnitedStates,Undirected,1439,,,0.09000000357627869,4937716
Italy,Albania,Undirected,1472,,,0.009999999776482582,268950
Italy,Gibraltar,Undirected,1486,,,0.019999999552965164,1141346
Italy,Malta,Undirected,1495,,,0.009999999776482582,408944.5
Italy,Slovenia,Undirected,1505,,,0.009999999776482582,422606.4
Italy,Spain,Undirected,1506,,,0.009999999776482582,281526.9
Italy,Turkey,Undirected,1512,,,0.019999999552965164,1253039
Japan,ChinaHongKongSAR,Undirected,1532,,,0.029999999329447746,1626854
Japan,Singapore,Undirected,1547,,,0.029999999329447746,1750481
Kazakhstan,Austria,Undirected,1555,,,0.029999999329447746,1787993
Kazakhstan,Canada,Undirected,1559,,,0.019999999552965164,840390.9
Kazakhstan,China,Undirected,1560,,,0.07000000029802322,3816496
Kazakhstan,Finland,Undirected,1565,,,0.009999999776482582,415009.8
Kazakhstan,France,Undirected,1566,,,0.05000000074505806,2715097
Kazakhstan,Greece,Undirected,1569,,,0.009999999776482582,733019
Kazakhstan,Italy,Undirected,1572,,,0.17000000178813934,9007826
Kazakhstan,Netherlands,Undirected,1580,,,0.10000000149011612,5054953
Kazakhstan,Poland,Undirected,1582,,,0.009999999776482582,301285.8
Kazakhstan,Romania,Undirected,1583,,,0.029999999329447746,1544018
Kazakhstan,Spain,Undirected,1585,,,0.019999999552965164,1102909
Kazakhstan,Switzerland,Undirected,1587,,,0.03999999910593033,2140491
Kazakhstan,Turkey,Undirected,1589,,,0.019999999552965164,827375
Kazakhstan,Ukraine,Undirected,1590,,,0.019999999552965164,907474.2
KoreaDemPeoples,China,Undirected,1608,,,0.019999999552965164,1226938
KoreaRepublicof,China,Undirected,1619,,,0.07999999821186066,4233574
KoreaRepublicof,ChinaHongKongSAR,Undirected,1620,,,0.029999999329447746,1510007
KoreaRepublicof,ChinaTaiwanProvince,Undirected,1621,,,0.029999999329447746,1358179
KoreaRepublicof,Japan,Undirected,1632,,,0.03999999910593033,2143351
KoreaRepublicof,Netherlands,Undirected,1640,,,0.029999999329447746,1446499
KoreaRepublicof,NewZealand,Undirected,1641,,,0.009999999776482582,413793.4
KoreaRepublicof,Philippines,Undirected,1644,,,0.019999999552965164,1204618
KoreaRepublicof,Singapore,Undirected,1647,,,0.07000000029802322,3448603
KoreaRepublicof,UnitedStates,Undirected,1652,,,0.019999999552965164,1042263
Kuwait,Bangladesh,Undirected,1660,,,0.009999999776482582,321188
Kuwait,China,Undirected,1663,,,0.09000000357627869,4599468
Kuwait,Egypt,Undirected,1664,,,0.019999999552965164,1243889
Kuwait,France,Undirected,1665,,,0.009999999776482582,482221.8
Kuwait,India,Undirected,1668,,,0.10000000149011612,5264501
Kuwait,Indonesia,Undirected,1669,,,0.009999999776482582,542562.9
Kuwait,Japan,Undirected,1672,,,0.10000000149011612,5307233
Kuwait,KoreaRepublicof,Undirected,1675,,,0.14000000059604645,7388794
Kuwait,Malaysia,Undirected,1678,,,0.019999999552965164,944893.3
Kuwait,Netherlands,Undirected,1680,,,0.029999999329447746,1763663
Kuwait,Singapore,Undirected,1684,,,0.03999999910593033,2145872
Kuwait,Thailand,Undirected,1687,,,0.009999999776482582,499809.8
Kuwait,UnitedKingdom,Undirected,1689,,,0.019999999552965164,870553.1
Kuwait,UnitedStates,Undirected,1690,,,0.07000000029802322,3587483
Libya,Austria,Undirected,1750,,,0.009999999776482582,297862.5
Libya,China,Undirected,1753,,,0.019999999552965164,829585.9
Libya,France,Undirected,1755,,,0.019999999552965164,861871.8
Libya,Germany,Undirected,1756,,,0.019999999552965164,1063659
Libya,Italy,Undirected,1759,,,0.05000000074505806,2413178
Libya,Spain,Undirected,1766,,,0.009999999776482582,600533.9
Libya,Tunisia,Undirected,1769,,,0.009999999776482582,282812.8
Lithuania,Estonia,Undirected,1783,,,0.009999999776482582,342854
Lithuania,Netherlands,Undirected,1796,,,0.009999999776482582,300047.4
Lithuania,Poland,Undirected,1797,,,0.019999999552965164,847480.9
Lithuania,Ukraine,Undirected,1807,,,0.009999999776482582,389840.2
Lithuania,UnitedStates,Undirected,1810,,,0.009999999776482582,760006.1
Malaysia,Australia,Undirected,1829,,,0.029999999329447746,1687086
Malaysia,China,Undirected,1834,,,0.05999999865889549,3214197
Malaysia,ChinaTaiwanProvince,Undirected,1836,,,0.019999999552965164,856453.9
Malaysia,India,Undirected,1840,,,0.019999999552965164,1015313
Malaysia,Japan,Undirected,1841,,,0.1599999964237213,8175876
Malaysia,KoreaRepublicof,Undirected,1843,,,0.019999999552965164,1131641
Malaysia,NewZealand,Undirected,1846,,,0.009999999776482582,421603.7
Malaysia,Philippines,Undirected,1850,,,0.009999999776482582,323195.8
Malaysia,Thailand,Undirected,1856,,,0.019999999552965164,1176265
Mexico,Brazil,Undirected,1892,,,0.009999999776482582,276274.1
Mexico,Colombia,Undirected,1896,,,0.009999999776482582,274385
Mexico,France,Undirected,1902,,,0.009999999776482582,478023.8
Mexico,India,Undirected,1906,,,0.029999999329447746,1379278
Mexico,Italy,Undirected,1907,,,0.009999999776482582,525299.6
Mexico,Japan,Undirected,1909,,,0.019999999552965164,843814.3
Mexico,KoreaRepublicof,Undirected,1910,,,0.019999999552965164,1083930
Mexico,Spain,Undirected,1914,,,0.05000000074505806,2368917
Mongolia,China,Undirected,1918,,,0.019999999552965164,927347.3
Mozambique,SouthAfrica,Undirected,1955,,,0.009999999776482582,411899
Myanmar,Thailand,Undirected,1961,,,0.03999999910593033,1909827
Netherlands,Belgium,Undirected,1987,,,0.23000000417232513,1.20e+07
Netherlands,Canada,Undirected,1999,,,0.019999999552965164,1173441
Netherlands,China,Undirected,2000,,,0.009999999776482582,708351.9
Netherlands,France,Undirected,2012,,,0.03999999910593033,2253891
Netherlands,Germany,Undirected,2014,,,0.38999998569488525,2.04e+07
Netherlands,Ghana,Undirected,2015,,,0.009999999776482582,660251.6
Netherlands,Gibraltar,Undirected,2016,,,0.009999999776482582,348487.7
Netherlands,Guinea,Undirected,2018,,,0.009999999776482582,310857.3
Netherlands,Italy,Undirected,2025,,,0.029999999329447746,1677212
Netherlands,Malaysia,Undirected,2034,,,0.009999999776482582,471147
Netherlands,Mexico,Undirected,2038,,,0.029999999329447746,1413599
Netherlands,Singapore,Undirected,2056,,,0.03999999910593033,1971668
Netherlands,Switzerland,Undirected,2063,,,0.009999999776482582,624288.3
Netherlands,Togo,Undirected,2067,,,0.009999999776482582,778529.4
NewZealand,Australia,Undirected,2075,,,0.009999999776482582,372305.4
Nigeria,Brazil,Undirected,2106,,,0.07999999821186066,4395108
Nigeria,Cameroon,Undirected,2108,,,0.009999999776482582,699706.1
Nigeria,Canada,Undirected,2109,,,0.009999999776482582,621382.6
Nigeria,China,Undirected,2110,,,0.009999999776482582,748073.9
Nigeria,CotedIvoire,Undirected,2113,,,0.029999999329447746,1412321
Nigeria,France,Undirected,2115,,,0.03999999910593033,2049089
Nigeria,Germany,Undirected,2116,,,0.029999999329447746,1669579
Nigeria,Ghana,Undirected,2117,,,0.019999999552965164,952214.6
Nigeria,India,Undirected,2119,,,0.17000000178813934,8947193
Nigeria,Indonesia,Undirected,2120,,,0.029999999329447746,1327554
Nigeria,Italy,Undirected,2121,,,0.009999999776482582,779289.1
Nigeria,Japan,Undirected,2123,,,0.03999999910593033,2162525
Nigeria,KoreaRepublicof,Undirected,2125,,,0.019999999552965164,932246.7
Nigeria,Netherlands,Undirected,2128,,,0.019999999552965164,1108271
Nigeria,Senegal,Undirected,2132,,,0.009999999776482582,360144
Nigeria,SouthAfrica,Undirected,2135,,,0.07000000029802322,3714010
Nigeria,Spain,Undirected,2136,,,0.07999999821186066,4162350
Nigeria,Sweden,Undirected,2137,,,0.009999999776482582,647897
Nigeria,Switzerland,Undirected,2138,,,0.009999999776482582,376853.4
Nigeria,UnitedKingdom,Undirected,2143,,,0.029999999329447746,1665924
Nigeria,UnitedStates,Undirected,2144,,,0.029999999329447746,1447616
Norway,Belgium,Undirected,2147,,,0.07999999821186066,4302592
Norway,Canada,Undirected,2148,,,0.009999999776482582,401169.3
Norway,Denmark,Undirected,2152,,,0.019999999552965164,1147110
Norway,France,Undirected,2157,,,0.10000000149011612,5265202
Norway,Germany,Undirected,2158,,,0.2800000011920929,1.46e+07
Norway,Ireland,Undirected,2161,,,0.019999999552965164,1184312
Norway,Netherlands,Undirected,2170,,,0.12999999523162842,6622627
Norway,Singapore,Undirected,2176,,,0.009999999776482582,508975.2
Norway,Spain,Undirected,2178,,,0.009999999776482582,578625.5
Norway,Sweden,Undirected,2179,,,0.029999999329447746,1755658
Norway,UnitedKingdom,Undirected,2182,,,0.3700000047683716,1.93e+07
Norway,UnitedStates,Undirected,2183,,,0.029999999329447746,1523123
Oman,China,Undirected,2187,,,0.2199999988079071,1.17e+07
Oman,Japan,Undirected,2196,,,0.019999999552965164,1248039
Oman,KoreaRepublicof,Undirected,2199,,,0.03999999910593033,2269919
Oman,Pakistan,Undirected,2203,,,0.019999999552965164,1202082
Oman,TanzaniaUnitedRepublic,Undirected,2206,,,0.009999999776482582,270627
Oman,Thailand,Undirected,2207,,,0.009999999776482582,473664.5
Panama,Ecuador,Undirected,2217,,,0.019999999552965164,1195062
PapuaNewGuinea,China,Undirected,2228,,,0.009999999776482582,412788.3
PapuaNewGuinea,Japan,Undirected,2232,,,0.019999999552965164,1011562
Paraguay,Argentina,Undirected,2238,,,0.009999999776482582,279597.3
Paraguay,Brazil,Undirected,2240,,,0.019999999552965164,1149133
Poland,CzechRepublic,Undirected,2277,,,0.019999999552965164,1203309
Poland,Netherlands,Undirected,2296,,,0.009999999776482582,735281.8
Poland,Ukraine,Undirected,2311,,,0.009999999776482582,391388.8
Poland,UnitedKingdom,Undirected,2313,,,0.009999999776482582,318068.1
Portugal,Netherlands,Undirected,2331,,,0.009999999776482582,280039
Portugal,UnitedStates,Undirected,2340,,,0.009999999776482582,674662.5
Qatar,Belgium,Undirected,2344,,,0.019999999552965164,858834.8
Qatar,China,Undirected,2346,,,0.05999999865889549,3336010
Qatar,Egypt,Undirected,2351,,,0.009999999776482582,342959
Qatar,India,Undirected,2356,,,0.17000000178813934,8824464
Qatar,Indonesia,Undirected,2357,,,0.009999999776482582,565609.5
Qatar,Italy,Undirected,2359,,,0.019999999552965164,984840.4
Qatar,Japan,Undirected,2360,,,0.2800000011920929,1.47e+07
Qatar,KoreaRepublicof,Undirected,2362,,,0.2800000011920929,1.47e+07
Qatar,Malaysia,Undirected,2366,,,0.009999999776482582,533188.9
Qatar,Netherlands,Undirected,2367,,,0.009999999776482582,496078.7
Qatar,Oman,Undirected,2370,,,0.009999999776482582,327119.7
Qatar,Singapore,Undirected,2376,,,0.05999999865889549,3093271
Qatar,SouthAfrica,Undirected,2377,,,0.009999999776482582,270479
Qatar,Spain,Undirected,2378,,,0.009999999776482582,712153.9
Qatar,Thailand,Undirected,2381,,,0.03999999910593033,2321430
Qatar,UnitedArabEmirates,Undirected,2383,,,0.07999999821186066,4434116
Qatar,UnitedKingdom,Undirected,2384,,,0.05000000074505806,2619980
Qatar,UnitedStates,Undirected,2385,,,0.009999999776482582,323043.2
Romania,RepublicofMoldova,Undirected,2403,,,0.009999999776482582,288504.3
RussianFederation,Belarus,Undirected,2414,,,0.10999999940395355,5829290
RussianFederation,Belgium,Undirected,2415,,,0.029999999329447746,1794241
RussianFederation,Bulgaria,Undirected,2418,,,0.019999999552965164,1238031
RussianFederation,China,Undirected,2420,,,0.36000001430511475,1.87e+07
RussianFederation,ChinaTaiwanProvince,Undirected,2421,,,0.029999999329447746,1487613
RussianFederation,CzechRepublic,Undirected,2425,,,0.029999999329447746,1461416
RussianFederation,Denmark,Undirected,2426,,,0.029999999329447746,1368727
RussianFederation,Egypt,Undirected,2427,,,0.009999999776482582,316873.6
RussianFederation,Estonia,Undirected,2428,,,0.019999999552965164,1271108
RussianFederation,Finland,Undirected,2429,,,0.07999999821186066,4376099
RussianFederation,France,Undirected,2430,,,0.03999999910593033,2253511
RussianFederation,Germany,Undirected,2432,,,0.20000000298023224,1.07e+07
RussianFederation,Greece,Undirected,2433,,,0.029999999329447746,1643721
RussianFederation,Hungary,Undirected,2434,,,0.029999999329447746,1726402
RussianFederation,India,Undirected,2435,,,0.009999999776482582,305410.8
RussianFederation,Israel,Undirected,2440,,,0.009999999776482582,668425.9
RussianFederation,Italy,Undirected,2441,,,0.25999999046325684,1.37e+07
RussianFederation,Japan,Undirected,2442,,,0.23000000417232513,1.19e+07
RussianFederation,Kazakhstan,Undirected,2443,,,0.019999999552965164,860932.8
RussianFederation,KoreaRepublicof,Undirected,2445,,,0.20000000298023224,1.06e+07
RussianFederation,Kyrgyzstan,Undirected,2447,,,0.009999999776482582,672500.4
RussianFederation,Latvia,Undirected,2448,,,0.10999999940395355,5706479
RussianFederation,Lebanon,Undirected,2449,,,0.009999999776482582,465755.6
RussianFederation,Lithuania,Undirected,2450,,,0.019999999552965164,1094274
RussianFederation,Malaysia,Undirected,2452,,,0.009999999776482582,320803.1
RussianFederation,Malta,Undirected,2453,,,0.05000000074505806,2411205
RussianFederation,Mongolia,Undirected,2455,,,0.019999999552965164,823581.6
RussianFederation,Netherlands,Undirected,2456,,,0.6000000238418579,3.15e+07
RussianFederation,Norway,Undirected,2458,,,0.009999999776482582,366152.3
RussianFederation,Poland,Undirected,2461,,,0.14000000059604645,7542800
RussianFederation,Romania,Undirected,2463,,,0.019999999552965164,1306715
RussianFederation,Singapore,Undirected,2465,,,0.03999999910593033,2113979
RussianFederation,Slovakia,Undirected,2466,,,0.03999999910593033,2173287
RussianFederation,Spain,Undirected,2469,,,0.029999999329447746,1619887
RussianFederation,Sweden,Undirected,2470,,,0.029999999329447746,1545854
RussianFederation,Switzerland,Undirected,2471,,,0.009999999776482582,397608.7
RussianFederation,Tajikistan,Undirected,2473,,,0.009999999776482582,321872.1
RussianFederation,Turkey,Undirected,2477,,,0.07999999821186066,4317443
RussianFederation,Ukraine,Undirected,2479,,,0.03999999910593033,2017811
RussianFederation,UnitedKingdom,Undirected,2481,,,0.07000000029802322,3502302
RussianFederation,UnitedStates,Undirected,2482,,,0.05999999865889549,3035682
RussianFederation,Uzbekistan,Undirected,2483,,,0.009999999776482582,453032.3
SaudiArabia,Bahrain,Undirected,2510,,,0.029999999329447746,1542700
SaudiArabia,Canada,Undirected,2512,,,0.029999999329447746,1442312
SaudiArabia,China,Undirected,2513,,,0.36000001430511475,1.90e+07
SaudiArabia,ChinaTaiwanProvince,Undirected,2515,,,0.33000001311302185,1.72e+07
SaudiArabia,Egypt,Undirected,2518,,,0.009999999776482582,471974.3
SaudiArabia,Ethiopia,Undirected,2519,,,0.009999999776482582,701201.6
SaudiArabia,France,Undirected,2520,,,0.09000000357627869,4605981
SaudiArabia,Germany,Undirected,2521,,,0.009999999776482582,434235.9
SaudiArabia,India,Undirected,2523,,,0.23999999463558197,1.26e+07
SaudiArabia,Indonesia,Undirected,2524,,,0.03999999910593033,1932903
SaudiArabia,Italy,Undirected,2526,,,0.029999999329447746,1367087
SaudiArabia,Japan,Undirected,2527,,,0.20999999344348907,1.11e+07
SaudiArabia,Jordan,Undirected,2528,,,0.029999999329447746,1690405
SaudiArabia,KoreaRepublicof,Undirected,2531,,,0.23000000417232513,1.19e+07
SaudiArabia,Malaysia,Undirected,2535,,,0.009999999776482582,713526.3
SaudiArabia,Morocco,Undirected,2537,,,0.009999999776482582,722675.4
SaudiArabia,Netherlands,Undirected,2538,,,0.029999999329447746,1668789
SaudiArabia,Philippines,Undirected,2543,,,0.03999999910593033,2097890
SaudiArabia,Portugal,Undirected,2545,,,0.009999999776482582,648664.4
SaudiArabia,Singapore,Undirected,2546,,,0.07999999821186066,4224561
SaudiArabia,SouthAfrica,Undirected,2547,,,0.05000000074505806,2418437
SaudiArabia,Spain,Undirected,2548,,,0.05000000074505806,2661950
SaudiArabia,Thailand,Undirected,2552,,,0.07000000029802322,3567618
SaudiArabia,UnitedKingdom,Undirected,2555,,,0.029999999329447746,1539445
SaudiArabia,UnitedStates,Undirected,2556,,,0.3499999940395355,1.82e+07
Singapore,Australia,Undirected,2588,,,0.05000000074505806,2775152
Singapore,Bangladesh,Undirected,2590,,,0.009999999776482582,615691.2
Singapore,ChinaHongKongSAR,Undirected,2593,,,0.03999999910593033,2004233
Singapore,France,Undirected,2599,,,0.009999999776482582,314171.1
Singapore,Indonesia,Undirected,2602,,,0.07999999821186066,4260169
Singapore,Malaysia,Undirected,2606,,,0.10000000149011612,5193312
Singapore,NewZealand,Undirected,2614,,,0.009999999776482582,540995.7
Singapore,Philippines,Undirected,2617,,,0.009999999776482582,641134.9
Singapore,SouthAfrica,Undirected,2622,,,0.009999999776482582,698419.5
Singapore,SriLanka,Undirected,2624,,,0.009999999776482582,622885.9
Singapore,Togo,Undirected,2627,,,0.009999999776482582,409706.5
Singapore,VietNam,Undirected,2631,,,0.03999999910593033,2077310
Slovakia,Austria,Undirected,2634,,,0.009999999776482582,336539.3
Slovakia,Hungary,Undirected,2641,,,0.009999999776482582,367711
SouthAfrica,Botswana,Undirected,2673,,,0.009999999776482582,701462.3
SouthAfrica,India,Undirected,2691,,,0.029999999329447746,1348551
SouthAfrica,Namibia,Undirected,2708,,,0.009999999776482582,332010.1
Spain,France,Undirected,2745,,,0.009999999776482582,294836.3
Spain,Gibraltar,Undirected,2746,,,0.019999999552965164,958091.1
Spain,KoreaRepublicof,Undirected,2755,,,0.009999999776482582,387381.6
Spain,Morocco,Undirected,2762,,,0.019999999552965164,874639
Spain,Netherlands,Undirected,2763,,,0.019999999552965164,811138.9
Spain,UnitedStates,Undirected,2780,,,0.019999999552965164,1052722
Sudan,China,Undirected,2784,,,0.009999999776482582,465651.6
Sweden,Belgium,Undirected,2800,,,0.009999999776482582,270527.7
Sweden,Netherlands,Undirected,2830,,,0.009999999776482582,427102.9
Sweden,Spain,Undirected,2838,,,0.009999999776482582,313055.5
Sweden,UnitedKingdom,Undirected,2847,,,0.029999999329447746,1809077
Switzerland,Italy,Undirected,2863,,,0.009999999776482582,701713.6
Thailand,Cambodia,Undirected,2921,,,0.009999999776482582,734129
Thailand,China,Undirected,2923,,,0.019999999552965164,792778
Thailand,LaoPeoplesDemRep,Undirected,2932,,,0.009999999776482582,503780.1
Thailand,Singapore,Undirected,2939,,,0.019999999552965164,1265624
Thailand,VietNam,Undirected,2942,,,0.019999999552965164,954993.4
TrinidadandTobago,Jamaica,Undirected,2966,,,0.009999999776482582,302664.3
TrinidadandTobago,Spain,Undirected,2979,,,0.009999999776482582,398620.8
TrinidadandTobago,UnitedStates,Undirected,2984,,,0.029999999329447746,1479143
Turkey,Egypt,Undirected,3003,,,0.009999999776482582,536718.1
Turkey,Malta,Undirected,3019,,,0.009999999776482582,341001.5
Turkey,UnitedArabEmirates,Undirected,3039,,,0.009999999776482582,571670.9
Turkmenistan,China,Undirected,3047,,,0.14000000059604645,7258766
Turkmenistan,Poland,Undirected,3055,,,0.009999999776482582,296218.1
Turkmenistan,Ukraine,Undirected,3060,,,0.03999999910593033,2051738
UnitedArabEmirates,Australia,Undirected,3101,,,0.029999999329447746,1679293
UnitedArabEmirates,Brazil,Undirected,3106,,,0.009999999776482582,277207
UnitedArabEmirates,China,Undirected,3112,,,0.15000000596046448,7906534
UnitedArabEmirates,ChinaTaiwanProvince,Undirected,3113,,,0.3100000023841858,1.61e+07
UnitedArabEmirates,France,Undirected,3121,,,0.009999999776482582,669038.8
UnitedArabEmirates,India,Undirected,3128,,,0.07000000029802322,3752233
UnitedArabEmirates,Indonesia,Undirected,3129,,,0.019999999552965164,912877.2
UnitedArabEmirates,Iraq,Undirected,3130,,,0.019999999552965164,1039061
UnitedArabEmirates,Japan,Undirected,3132,,,0.5299999713897705,2.78e+07
UnitedArabEmirates,Kenya,Undirected,3135,,,0.009999999776482582,449923.8
UnitedArabEmirates,KoreaRepublicof,Undirected,3136,,,0.1899999976158142,9860530
UnitedArabEmirates,Malaysia,Undirected,3142,,,0.029999999329447746,1806612
UnitedArabEmirates,Netherlands,Undirected,3147,,,0.009999999776482582,469628.7
UnitedArabEmirates,NewZealand,Undirected,3148,,,0.009999999776482582,285991.8
UnitedArabEmirates,Pakistan,Undirected,3152,,,0.10000000149011612,5182165
UnitedArabEmirates,Singapore,Undirected,3155,,,0.15000000596046448,7795069
UnitedArabEmirates,SouthAfrica,Undirected,3158,,,0.009999999776482582,654374.5
UnitedArabEmirates,SriLanka,Undirected,3160,,,0.019999999552965164,1056619
UnitedArabEmirates,Thailand,Undirected,3165,,,0.17000000178813934,8988649
UnitedArabEmirates,UnitedKingdom,Undirected,3168,,,0.009999999776482582,302874.5
UnitedArabEmirates,Yemen,Undirected,3172,,,0.009999999776482582,652048.5
UnitedKingdom,Belgium,Undirected,3176,,,0.03999999910593033,1900924
UnitedKingdom,China,Undirected,3182,,,0.019999999552965164,923070.7
UnitedKingdom,France,Undirected,3190,,,0.019999999552965164,1098071
UnitedKingdom,Germany,Undirected,3191,,,0.07000000029802322,3723549
UnitedKingdom,Ireland,Undirected,3194,,,0.03999999910593033,2203157
UnitedKingdom,KoreaRepublicof,Undirected,3199,,,0.03999999910593033,1871443
UnitedKingdom,Netherlands,Undirected,3206,,,0.09000000357627869,4946821
UnitedKingdom,SouthAfrica,Undirected,3214,,,0.009999999776482582,391966.9
UnitedKingdom,Spain,Undirected,3215,,,0.009999999776482582,612978.1
UnitedKingdom,UnitedStates,Undirected,3222,,,0.009999999776482582,727669
UnitedStates,AntiguaandBarbuda,Undirected,3225,,,0.009999999776482582,443996.6
UnitedStates,Argentina,Undirected,3226,,,0.029999999329447746,1357093
UnitedStates,Aruba,Undirected,3227,,,0.009999999776482582,690076
UnitedStates,Bahamas,Undirected,3230,,,0.009999999776482582,690396.1
UnitedStates,Brazil,Undirected,3236,,,0.029999999329447746,1622037
UnitedStates,Chile,Undirected,3238,,,0.07000000029802322,3697805
UnitedStates,China,Undirected,3239,,,0.019999999552965164,1281508
UnitedStates,CostaRica,Undirected,3242,,,0.029999999329447746,1331027
UnitedStates,DominicanRepublic,Undirected,3246,,,0.019999999552965164,1085098
UnitedStates,Egypt,Undirected,3247,,,0.009999999776482582,396620
UnitedStates,ElSalvador,Undirected,3248,,,0.009999999776482582,559127.1
UnitedStates,France,Undirected,3249,,,0.03999999910593033,2020168
UnitedStates,Germany,Undirected,3251,,,0.009999999776482582,401735.3
UnitedStates,Guatemala,Undirected,3254,,,0.029999999329447746,1475017
UnitedStates,Honduras,Undirected,3256,,,0.019999999552965164,987774.1
UnitedStates,Israel,Undirected,3259,,,0.009999999776482582,362569.9
UnitedStates,Italy,Undirected,3260,,,0.009999999776482582,558734.9
UnitedStates,Japan,Undirected,3262,,,0.019999999552965164,1227164
UnitedStates,Lebanon,Undirected,3269,,,0.009999999776482582,312317.7
UnitedStates,Malta,Undirected,3273,,,0.009999999776482582,296346.7
UnitedStates,Mexico,Undirected,3276,,,0.09000000357627869,4955420
UnitedStates,Morocco,Undirected,3278,,,0.009999999776482582,474702.4
UnitedStates,Netherlands,Undirected,3280,,,0.07999999821186066,4027756
UnitedStates,Panama,Undirected,3283,,,0.07000000029802322,3602546
UnitedStates,Peru,Undirected,3285,,,0.029999999329447746,1484078
UnitedStates,SaintLucia,Undirected,3289,,,0.009999999776482582,281322.1
UnitedStates,Singapore,Undirected,3293,,,0.019999999552965164,1294000
UnitedStates,Switzerland,Undirected,3298,,,0.009999999776482582,529263.3
UnitedStates,Turkey,Undirected,3303,,,0.009999999776482582,604597.6
UnitedStates,Ukraine,Undirected,3305,,,0.009999999776482582,263525.8
Uzbekistan,China,Undirected,3310,,,0.029999999329447746,1309952
Venezuela,Brazil,Undirected,3330,,,0.009999999776482582,351931.3
Venezuela,China,Undirected,3332,,,0.10000000149011612,5294925
Venezuela,DominicanRepublic,Undirected,3334,,,0.019999999552965164,813002.4
Venezuela,India,Undirected,3339,,,0.11999999731779099,6419673
Venezuela,Jamaica,Undirected,3340,,,0.009999999776482582,570250.1
Venezuela,Singapore,Undirected,3348,,,0.029999999329447746,1423954
Venezuela,Spain,Undirected,3349,,,0.009999999776482582,653579.7
Venezuela,UnitedStates,Undirected,3353,,,0.18000000715255737,9455749
VietNam,Australia,Undirected,3355,,,0.019999999552965164,992448.8
VietNam,Japan,Undirected,3366,,,0.019999999552965164,1208061
