source,target,weight,flow
"Afghanistan","Australia",,
"Afghanistan","Germany",0.00,789.455
"Afghanistan","India",0.00,37.199
"Afghanistan","Malaysia",0.00,88.79201
"Afghanistan","Pakistan",0.00,13.434
"Afghanistan","Poland",0.00,237.453
"Afghanistan","Singapore",0.00,109.887
"Afghanistan","Thailand",0.00,10.435
"Afghanistan","UnitedKingdom",0.00,9.163
"Afghanistan","UnitedStates",0.00,462.213
"Albania","ChinaHongKongSAR",0.00,9.968
"Albania","Denmark",0.00,22.373
"Albania","Germany",0.00,8133.239
"Albania","Greece",0.00,734.886
"Albania","Italy",0.00,621.797
"Albania","SerbiaandMontenegro",0.00,12.352
"Albania","Sweden",0.00,1734.847
"Albania","UnitedKingdom",0.00,859.2791
"Albania","UnitedStates",0.00,878.451
"Algeria","Italy",0.00,8832.539
"Algeria","KoreaRepublicof",0.00,.005
"Algeria","Netherlands",0.00,12.753
"Algeria","Turkey",0.00,.014
"Algeria","UnitedStates",0.00,2300.454
"Andorra","France",0.00,3328.61
"Andorra","Germany",0.00,1855.404
"Andorra","Spain",0.00,89.27
"Angola","ChinaHongKongSAR",0.00,130.507
"Angola","CotedIvoire",0.00,30.327
"Angola","Denmark",0.00,156.969
"Angola","Germany",0.00,2791.716
"Angola","Italy",0.00,265.35
"Angola","Singapore",0.00,2.922
"Angola","Spain",0.00,2060.63
"Angola","Tunisia",0.00,.491
"Angola","UnitedKingdom",0.00,4842.971
"Angola","UnitedStates",0.00,10813.5
"Anguilla","Germany",0.00,4.121
"Anguilla","UnitedKingdom",0.00,96.045
"Anguilla","UnitedStates",0.00,2423.11
"AntiguaandBarbuda","Barbados",0.00,12.08
"AntiguaandBarbuda","Canada",0.00,576.838
"AntiguaandBarbuda","Denmark",0.00,115.717
"AntiguaandBarbuda","Germany",0.00,246.989
"AntiguaandBarbuda","UnitedKingdom",0.00,466.191
"AntiguaandBarbuda","UnitedStates",0.00,13204.52
"Argentina","Australia",0.00,4398.396
"Argentina","Bolivia",0.00,141.855
"Argentina","Brazil",0.00,17924.63
"Argentina","Canada",0.00,4424.647
"Argentina","Chile",0.00,19272.04
"Argentina","China",0.00,669.03
"Argentina","ChinaHongKongSAR",0.00,493.106
"Argentina","Colombia",0.00,4.337
"Argentina","Denmark",0.00,781.608
"Argentina","Ecuador",0.00,15.998
"Argentina","France",0.00,83.366
"Argentina","Germany",0.01,78918.13
"Argentina","Israel",0.00,351.185
"Argentina","Italy",0.00,5621.534
"Argentina","Japan",0.00,4299.189
"Argentina","Malaysia",0.00,319.474
"Argentina","Mexico",0.00,979.387
"Argentina","Namibia",0.00,.17
"Argentina","Netherlands",0.00,310.564
"Argentina","Norway",0.00,3591.458
"Argentina","Pakistan",0.00,2.902
"Argentina","Peru",0.00,14.871
"Argentina","Singapore",0.00,525.65
"Argentina","SouthAfrica",0.00,26.459
"Argentina","Spain",0.00,9035.686
"Argentina","Sweden",0.00,16198.49
"Argentina","Switzerland",0.00,4.815
"Argentina","Thailand",0.00,23.138
"Argentina","Tunisia",0.00,2.681
"Argentina","UnitedKingdom",0.00,4555.761
"Argentina","UnitedStates",0.01,148169.3
"Argentina","Uruguay",0.00,2086.164
"Armenia","Germany",0.00,17658.16
"Armenia","SouthAfrica",0.00,510.175
"Armenia","UnitedStates",0.00,26620.25
"Aruba","Germany",0.00,567.279
"Aruba","Malaysia",0.00,7.048
"Aruba","Netherlands",0.00,2830.5
"Aruba","UnitedKingdom",0.00,3.684
"Aruba","UnitedStates",0.00,31114.09
"Australia","Austria",0.00,270.43
"Australia","Bahrain",0.00,858.367
"Australia","Bangladesh",0.00,1548.899
"Australia","Barbados",0.00,2.408
"Australia","Belgium",0.00,7744.838
"Australia","Bolivia",0.00,2.9
"Australia","Botswana",0.00,64.369
"Australia","Brazil",0.00,4197.44
"Australia","BruneiDarussalam",0.00,936.213
"Australia","Canada",0.01,99627.34
"Australia","China",0.00,65412.74
"Australia","ChinaHongKongSAR",0.01,165320.9
"Australia","ChinaTaiwanProvince",0.00,44276.67
"Australia","CotedIvoire",0.00,26.999
"Australia","CzechRepublic",0.00,2665.594
"Australia","Denmark",0.00,1687.474
"Australia","Egypt",0.00,3665.126
"Australia","Fiji",0.00,51857.55
"Australia","Finland",0.00,4672.679
"Australia","France",0.00,4580.815
"Australia","Germany",0.01,189304.6
"Australia","Greece",0.00,1834.272
"Australia","India",0.00,11457.92
"Australia","Indonesia2002",0.00,39649.02
"Australia","Ireland",0.00,465.798
"Australia","Israel",0.00,2197.001
"Australia","Italy",0.00,32868.48
"Australia","Japan",0.09,1211788
"Australia","Kenya",0.00,29.237
"Australia","Kiribati",0.00,747.359
"Australia","KoreaRepublicof",0.09,1131846
"Australia","Kuwait",0.00,3978.61
"Australia","Lesotho",0.00,2.126
"Australia","Luxembourg",0.00,7.809
"Australia","Madagascar",0.00,3.205
"Australia","Malaysia",0.02,264522
"Australia","Mexico",0.00,1445.814
"Australia","Namibia",0.00,87.506
"Australia","Nepal",0.00,16.92
"Australia","Netherlands",0.00,20234.1
"Australia","NewZealand",0.02,228991.1
"Australia","Norway",0.00,33967.79
"Australia","Oman",0.00,5170.117
"Australia","Pakistan",0.00,1473.023
"Australia","PapuaNewGuinea",0.02,325513.5
"Australia","Philippines",0.00,20416.32
"Australia","Poland",0.00,3134.963
"Australia","Portugal",0.00,404.334
"Australia","SaudiArabia",0.00,11186.38
"Australia","Singapore",0.09,1219475
"Australia","Slovenia",0.00,1104.869
"Australia","SouthAfrica",0.00,19110.96
"Australia","Spain",0.00,7890.39
"Australia","SriLanka",0.00,1016.081
"Australia","Swaziland",0.00,5.983
"Australia","Sweden",0.01,90483.52
"Australia","Switzerland",0.01,152193.1
"Australia","Thailand",0.01,197674.2
"Australia","Turkey",0.00,14152.3
"Australia","UnitedArabEmirates",0.00,17847.43
"Australia","UnitedKingdom",0.01,160547.3
"Australia","UnitedStates",0.05,713545.7
"Australia","Venezuela",0.00,27.324
"Australia","VietNam",0.00,3576.773
"Austria","Belgium",0.00,1187.429
"Austria","Brazil",0.00,413.153
"Austria","Canada",0.00,706.359
"Austria","ChinaHongKongSAR",0.00,2761.611
"Austria","ChinaTaiwanProvince",0.00,165.487
"Austria","Croatia",0.00,222.597
"Austria","CzechRepublic",0.00,7677.291
"Austria","Denmark",0.00,7449.322
"Austria","Finland",0.00,101.395
"Austria","France",0.00,3458.745
"Austria","Germany",0.20,2591918
"Austria","Greece",0.00,957.083
"Austria","Hungary",0.00,951.257
"Austria","India",0.00,1300.21
"Austria","Ireland",0.00,27835.67
"Austria","Israel",0.00,583.226
"Austria","Italy",0.00,45983.92
"Austria","Japan",0.00,14717.71
"Austria","KoreaRepublicof",0.00,.026
"Austria","Malaysia",0.00,1767.92
"Austria","Malta",0.00,77.718
"Austria","Namibia",0.00,.451
"Austria","Netherlands",0.00,43772.74
"Austria","Nigeria",0.00,.012
"Austria","Pakistan",0.00,60.892
"Austria","Poland",0.00,13666.38
"Austria","Portugal",0.00,386.118
"Austria","Singapore",0.00,1161.831
"Austria","Slovakia",0.00,855.615
"Austria","Slovenia",0.00,253.311
"Austria","Spain",0.00,4250.632
"Austria","Swaziland",0.00,.001
"Austria","Sweden",0.01,94212.57
"Austria","Switzerland",0.02,217260.1
"Austria","Thailand",0.00,232.647
"Austria","Turkey",0.00,8.542
"Austria","UnitedKingdom",0.00,1735.269
"Austria","UnitedStates",0.01,99928.52
"Azerbaijan","Germany",0.00,1064.273
"Azerbaijan","Malaysia",0.00,2.314
"Azerbaijan","Netherlands",0.00,76.298
"Azerbaijan","Poland",0.00,1887.371
"Azerbaijan","UnitedKingdom",0.00,1783.898
"Azerbaijan","UnitedStates",0.00,417.938
"Bahamas","Bermuda",0.00,1.46
"Bahamas","Canada",0.00,331.456
"Bahamas","ChinaHongKongSAR",0.00,44.234
"Bahamas","Germany",0.00,2086.249
"Bahamas","Ghana",0.00,9.105
"Bahamas","Japan",0.00,691.143
"Bahamas","Malaysia",0.00,1002.053
"Bahamas","Poland",0.00,1091.145
"Bahamas","UnitedKingdom",0.00,440.327
"Bahamas","UnitedStates",0.01,79263.77
"Bahrain","Canada",0.00,179.687
"Bahrain","ChinaHongKongSAR",0.00,593.683
"Bahrain","ChinaTaiwanProvince",0.00,40.122
"Bahrain","Denmark",0.00,514.81
"Bahrain","Egypt",0.00,55.323
"Bahrain","France",0.00,130.728
"Bahrain","Germany",0.00,17407.27
"Bahrain","India",0.00,2754.304
"Bahrain","Italy",0.00,54.996
"Bahrain","Japan",0.00,3425.249
"Bahrain","Jordan",0.00,13.347
"Bahrain","Kuwait",0.00,136.691
"Bahrain","Malaysia",0.00,578.0551
"Bahrain","Netherlands",0.00,171.004
"Bahrain","Oman",0.00,729.392
"Bahrain","Pakistan",0.00,1625.156
"Bahrain","Philippines",0.00,2352.64
"Bahrain","Qatar",0.00,3368.17
"Bahrain","SaudiArabia",0.00,1039.814
"Bahrain","Singapore",0.00,3136.276
"Bahrain","Spain",0.00,3.544
"Bahrain","Switzerland",0.00,1555.158
"Bahrain","Thailand",0.00,790.099
"Bahrain","Tunisia",0.00,6.828
"Bahrain","UnitedArabEmirates",0.00,1033.87
"Bahrain","UnitedKingdom",0.00,2330.794
"Bahrain","UnitedStates",0.01,75504.82
"Bangladesh","Brazil",0.00,3.953
"Bangladesh","Canada",0.00,162.646
"Bangladesh","China",0.00,10512.98
"Bangladesh","ChinaHongKongSAR",0.00,8168.054
"Bangladesh","ChinaTaiwanProvince",0.00,674.524
"Bangladesh","Denmark",0.00,150.849
"Bangladesh","Germany",0.00,15287.29
"Bangladesh","India",0.00,2532.923
"Bangladesh","Italy",0.00,3354.453
"Bangladesh","Japan",0.00,7502.138
"Bangladesh","KoreaRepublicof",0.00,293.27
"Bangladesh","Malaysia",0.00,1299.135
"Bangladesh","Netherlands",0.00,454.578
"Bangladesh","Norway",0.00,266.947
"Bangladesh","Pakistan",0.00,3163.288
"Bangladesh","Philippines",0.00,658.569
"Bangladesh","Poland",0.00,1421.166
"Bangladesh","SaudiArabia",0.00,22.53
"Bangladesh","Singapore",0.00,8066.923
"Bangladesh","SouthAfrica",0.00,3.795
"Bangladesh","Swaziland",0.00,7.153
"Bangladesh","Sweden",0.00,604.32
"Bangladesh","Switzerland",0.00,15.206
"Bangladesh","Thailand",0.00,84.103
"Bangladesh","Tunisia",0.00,.292
"Bangladesh","UnitedArabEmirates",0.00,55687.83
"Bangladesh","UnitedKingdom",0.00,4512.362
"Bangladesh","UnitedStates",0.00,6964.828
"Barbados","Bermuda",0.00,2.04
"Barbados","Canada",0.00,1258.484
"Barbados","ChinaHongKongSAR",0.00,51.455
"Barbados","ChinaTaiwanProvince",0.00,7.039
"Barbados","France",0.00,16.758
"Barbados","Germany",0.00,1462.61
"Barbados","Malaysia",0.00,8.521999
"Barbados","Philippines",0.00,100.924
"Barbados","Poland",0.00,54.195
"Barbados","SaintLucia",0.00,6.568
"Barbados","TrinidadandTobago",0.00,40.879
"Barbados","UnitedKingdom",0.00,954.506
"Barbados","UnitedStates",0.00,21496.89
"Belarus","ChinaTaiwanProvince",0.00,14.199
"Belarus","CzechRepublic",0.00,1828.321
"Belarus","Denmark",0.00,87.344
"Belarus","France",0.00,1.409
"Belarus","Germany",0.00,47762.71
"Belarus","Italy",0.00,114.26
"Belarus","Norway",0.00,354.373
"Belarus","Poland",0.00,31999.65
"Belarus","RussianFederation",0.41,5423258
"Belarus","Slovakia",0.00,.003
"Belarus","UnitedKingdom",0.00,108.021
"Belarus","UnitedStates",0.00,7314.226
"Belgium","Chile",0.00,.023
"Belgium","Colombia",0.00,.02
"Belgium","Croatia",0.00,1.255
"Belgium","Cyprus",0.00,8599.138
"Belgium","CzechRepublic",0.00,9032.845
"Belgium","DemRepoftheCongo",0.00,5402.76
"Belgium","Denmark",0.00,17111.22
"Belgium","Finland",0.00,.948
"Belgium","France",0.00,47372.21
"Belgium","Germany",0.28,3745021
"Belgium","Greece",0.00,25784.8
"Belgium","Iceland",0.00,61.684
"Belgium","Ireland",0.01,83481.84
"Belgium","Israel",0.00,34005.51
"Belgium","Italy",0.01,107913.4
"Belgium","Japan",0.01,133820.8
"Belgium","Luxembourg",0.02,233901.5
"Belgium","Malta",0.00,2.987
"Belgium","Mexico",0.00,463.044
"Belgium","Netherlands",0.00,21283.96
"Belgium","Norway",0.01,101698.5
"Belgium","Pakistan",0.00,28.505
"Belgium","Philippines",0.00,40182.42
"Belgium","Poland",0.00,14840.3
"Belgium","Portugal",0.00,328.104
"Belgium","Slovenia",0.00,38.429
"Belgium","Spain",0.00,12770.66
"Belgium","Sweden",0.01,186375.6
"Belgium","Switzerland",0.00,54705.68
"Belgium","Tunisia",0.00,6.668
"Belgium","Turkey",0.00,5.231
"Belgium","UnitedKingdom",0.01,102775.7
"Belgium","UnitedStates",0.02,237884.5
"Belize","Canada",0.00,96.939
"Belize","ChinaHongKongSAR",0.00,22.639
"Belize","ChinaTaiwanProvince",0.00,7.374
"Belize","Germany",0.00,50.521
"Belize","Malaysia",0.00,33.641
"Belize","Mexico",0.00,21.609
"Belize","Philippines",0.00,49.035
"Belize","Poland",0.00,568.71
"Belize","UnitedKingdom",0.00,1029.607
"Belize","UnitedStates",0.00,14278.53
"Benin","ChinaHongKongSAR",0.00,41.942
"Benin","CotedIvoire",0.00,214.628
"Benin","Denmark",0.00,34.304
"Benin","France",0.00,241.029
"Benin","Germany",0.00,5435.185
"Benin","Ghana",0.00,28.087
"Benin","Guinea",0.00,119.098
"Benin","Mali",0.00,26.203
"Benin","UnitedStates",0.00,974.359
"Bermuda","Canada",0.00,921.684
"Bermuda","France",0.00,11.678
"Bermuda","Germany",0.00,239.888
"Bermuda","Japan",0.00,8.851
"Bermuda","Malaysia",0.00,39.692
"Bermuda","Philippines",0.00,3.851
"Bermuda","Singapore",0.00,5681.987
"Bermuda","UnitedKingdom",0.00,993.2209
"Bermuda","UnitedStates",0.00,51323.39
"Bhutan","ChinaHongKongSAR",0.00,47.932
"Bhutan","India",0.00,7704.295
"Bhutan","Japan",0.00,14.148
"Bhutan","UnitedStates",0.00,25.997
"Bolivia","Brazil",0.00,351.671
"Bolivia","Canada",0.00,192.46
"Bolivia","Chile",0.00,143.925
"Bolivia","ChinaTaiwanProvince",0.00,13.923
"Bolivia","CostaRica",0.00,13.654
"Bolivia","France",0.00,39845.16
"Bolivia","Germany",0.00,30191.87
"Bolivia","India",0.00,8.416
"Bolivia","Israel",0.00,28.552
"Bolivia","Italy",0.00,1508.284
"Bolivia","Japan",0.00,429.957
"Bolivia","KoreaRepublicof",0.00,23.516
"Bolivia","Malaysia",0.00,15.352
"Bolivia","Mexico",0.00,85.576
"Bolivia","Netherlands",0.00,46.39
"Bolivia","Norway",0.00,61.262
"Bolivia","Panama",0.00,2.238
"Bolivia","Poland",0.00,48.513
"Bolivia","Spain",0.00,115.16
"Bolivia","Sweden",0.00,6782.37
"Bolivia","UnitedKingdom",0.00,32029.66
"Bolivia","UnitedStates",0.00,14838.54
"BosniaandHerzegovina","Croatia",0.00,346.211
"BosniaandHerzegovina","Denmark",0.00,40.507
"BosniaandHerzegovina","Germany",0.00,15500.63
"BosniaandHerzegovina","SerbiaandMontenegro",0.00,9774.964
"BosniaandHerzegovina","Slovenia",0.00,190.751
"BosniaandHerzegovina","TrinidadandTobago",0.00,44.139
"BosniaandHerzegovina","UnitedStates",0.00,2992.91
"Botswana","Brazil",0.00,1.95
"Botswana","Canada",0.00,86.153
"Botswana","China",0.00,22.114
"Botswana","ChinaHongKongSAR",0.00,23.569
"Botswana","ChinaTaiwanProvince",0.00,33.607
"Botswana","CotedIvoire",0.00,2.653
"Botswana","CzechRepublic",0.00,50.068
"Botswana","Denmark",0.00,33.695
"Botswana","Finland",0.00,1.308
"Botswana","France",0.00,23.582
"Botswana","Germany",0.00,1682.532
"Botswana","Greece",0.00,7.24
"Botswana","India",0.00,99.558
"Botswana","Ireland",0.00,22.905
"Botswana","Israel",0.00,408.264
"Botswana","Italy",0.00,85.216
"Botswana","Japan",0.00,67.13499
"Botswana","Kenya",0.00,20.952
"Botswana","KoreaRepublicof",0.00,.27
"Botswana","Lesotho",0.00,4.07
"Botswana","Madagascar",0.00,.621
"Botswana","Malaysia",0.00,19.266
"Botswana","Mozambique",0.00,9.77
"Botswana","Namibia",0.00,328.693
"Botswana","Netherlands",0.00,27.144
"Botswana","NewZealand",0.00,32.399
"Botswana","Norway",0.00,66.554
"Botswana","Pakistan",0.00,.387
"Botswana","Philippines",0.00,.918
"Botswana","Poland",0.00,9.173
"Botswana","Seychelles",0.00,.509
"Botswana","Singapore",0.00,27.629
"Botswana","SouthAfrica",0.00,13056.95
"Botswana","Spain",0.00,12.055
"Botswana","Swaziland",0.00,10.526
"Botswana","Sweden",0.00,3952.34
"Botswana","Thailand",0.00,13.092
"Botswana","UnitedKingdom",0.01,131430
"Botswana","UnitedStates",0.00,12945.82
"Botswana","Zambia",0.00,218.296
"Botswana","Zimbabwe",0.00,451.225
"Brazil","BritishVirginIslands",0.00,323.367
"Brazil","Canada",0.00,4765.943
"Brazil","Chile",0.00,26242.51
"Brazil","China",0.00,223.492
"Brazil","ChinaHongKongSAR",0.00,1171.625
"Brazil","ChinaTaiwanProvince",0.00,423.315
"Brazil","CostaRica",0.00,294.028
"Brazil","CotedIvoire",0.00,787.8521
"Brazil","Cuba",0.00,298.546
"Brazil","Denmark",0.00,5036.685
"Brazil","Ecuador",0.00,322.527
"Brazil","Finland",0.00,150.414
"Brazil","France",0.00,9094.346
"Brazil","Germany",0.03,427312
"Brazil","India",0.00,635.098
"Brazil","Indonesia2002",0.00,69.15401
"Brazil","Ireland",0.00,349.193
"Brazil","Israel",0.00,1465.177
"Brazil","Italy",0.00,19632.6
"Brazil","Japan",0.00,52954.91
"Brazil","KoreaDemPeoples",0.00,5.338
"Brazil","Malaysia",0.00,789.633
"Brazil","Mexico",0.00,1958.474
"Brazil","Namibia",0.00,12.446
"Brazil","Netherlands",0.00,7689.294
"Brazil","NetherlandsAntilles",0.00,64.437
"Brazil","Nigeria",0.00,113.513
"Brazil","Norway",0.00,53402.09
"Brazil","Pakistan",0.00,131.525
"Brazil","Panama",0.00,2131.475
"Brazil","Paraguay",0.00,741.654
"Brazil","Peru",0.00,1189.746
"Brazil","Philippines",0.00,5138.07
"Brazil","Poland",0.00,1430.413
"Brazil","Portugal",0.00,4962.991
"Brazil","SerbiaandMontenegro",0.00,5.526
"Brazil","Singapore",0.00,2078.108
"Brazil","SouthAfrica",0.00,1025.484
"Brazil","Spain",0.00,6658.469
"Brazil","Sweden",0.00,51784.33
"Brazil","Switzerland",0.02,205517
"Brazil","Thailand",0.00,453.471
"Brazil","TrinidadandTobago",0.00,58.26
"Brazil","Tunisia",0.00,4.477
"Brazil","UnitedArabEmirates",0.00,12.731
"Brazil","UnitedKingdom",0.00,51868.49
"Brazil","UnitedStates",0.03,425969.6
"Brazil","Uruguay",0.00,1097.167
"Brazil","Venezuela",0.00,776.105
"BritishVirginIslands","Canada",0.00,.906
"BritishVirginIslands","UnitedKingdom",0.00,150.134
"BritishVirginIslands","UnitedStates",0.00,7202.073
"BruneiDarussalam","Canada",0.00,223.642
"BruneiDarussalam","ChinaHongKongSAR",0.00,370.964
"BruneiDarussalam","Denmark",0.00,7.673
"BruneiDarussalam","Germany",0.00,1991
"BruneiDarussalam","India",0.00,79.799
"BruneiDarussalam","Malaysia",0.00,22435.78
"BruneiDarussalam","Netherlands",0.00,2755.89
"BruneiDarussalam","Norway",0.00,189.405
"BruneiDarussalam","Oman",0.00,834.711
"BruneiDarussalam","Philippines",0.00,318.17
"BruneiDarussalam","Singapore",0.00,8639.557
"BruneiDarussalam","Thailand",0.00,430.643
"BruneiDarussalam","UnitedKingdom",0.00,3029.353
"BruneiDarussalam","UnitedStates",0.00,14833.74
"Bulgaria","ChinaHongKongSAR",0.00,309.116
"Bulgaria","CzechRepublic",0.00,1796.611
"Bulgaria","France",0.00,4261.206
"Bulgaria","Germany",0.00,42676.01
"Bulgaria","Greece",0.00,979.35
"Bulgaria","Japan",0.00,2125.094
"Bulgaria","Norway",0.00,714.925
"Bulgaria","SerbiaandMontenegro",0.00,303
"Bulgaria","Slovakia",0.00,8.001
"Bulgaria","Switzerland",0.00,5822.003
"Bulgaria","TFYRofMacedonia",0.00,14.91
"Bulgaria","Ukraine",0.00,151
"Bulgaria","UnitedKingdom",0.00,8776.82
"Bulgaria","UnitedStates",0.00,4475.706
"BurkinaFaso","Canada",0.00,986.958
"BurkinaFaso","CotedIvoire",0.00,421.139
"BurkinaFaso","France",0.00,28912.27
"BurkinaFaso","Germany",0.00,1333.922
"BurkinaFaso","Guinea",0.00,43.108
"BurkinaFaso","Malaysia",0.00,18.515
"BurkinaFaso","Netherlands",0.00,91.093
"BurkinaFaso","UnitedStates",0.00,1088.659
"Burundi","ChinaHongKongSAR",0.00,40.984
"Burundi","CotedIvoire",0.00,65.645
"Burundi","Germany",0.00,3407.775
"Burundi","Malaysia",0.00,5.556
"Burundi","UnitedStates",0.00,934.952
"CaboVerde","Denmark",0.00,211.717
"CaboVerde","Germany",0.00,384.074
"CaboVerde","Malaysia",0.00,8.158
"CaboVerde","Netherlands",0.00,1137.008
"CaboVerde","UnitedKingdom",0.00,773.895
"CaboVerde","UnitedStates",0.00,1123.574
"Cambodia","ChinaHongKongSAR",0.00,490.7
"Cambodia","ChinaTaiwanProvince",0.00,82.88
"Cambodia","Japan",0.00,3517.325
"Cambodia","Malaysia",0.00,4371.309
"Cambodia","Singapore",0.00,1071.282
"Cambodia","Thailand",0.00,1996.919
"Cambodia","UnitedStates",0.00,4968.715
"Cameroon","CotedIvoire",0.00,396.688
"Cameroon","France",0.00,92.7
"Cameroon","Germany",0.00,3117.673
"Cameroon","Ireland",0.00,361.775
"Cameroon","Malaysia",0.00,46.678
"Cameroon","Mali",0.00,40.387
"Cameroon","Netherlands",0.00,449.131
"Cameroon","Poland",0.00,515.992
"Cameroon","Singapore",0.00,39.832
"Cameroon","Spain",0.00,21.383
"Cameroon","Tunisia",0.00,1.435
"Cameroon","UnitedKingdom",0.00,1486.656
"Cameroon","UnitedStates",0.00,1578.662
"Canada","CaymanIslands",0.00,80.05
"Canada","Chile",0.00,7797.93
"Canada","China",0.00,2130.169
"Canada","ChinaHongKongSAR",0.02,222635.5
"Canada","ChinaTaiwanProvince",0.01,111177.7
"Canada","Colombia",0.00,472.268
"Canada","CostaRica",0.00,3925.119
"Canada","CotedIvoire",0.00,324.897
"Canada","Croatia",0.00,151.355
"Canada","Cuba",0.00,6003.069
"Canada","CzechRepublic",0.00,5132.128
"Canada","DemRepoftheCongo",0.00,490.904
"Canada","Denmark",0.00,3725.719
"Canada","DominicanRepublic",0.00,6721.585
"Canada","Ecuador",0.00,178.158
"Canada","Egypt",0.00,1095.121
"Canada","ElSalvador",0.00,245.082
"Canada","Finland",0.00,1633.506
"Canada","France",0.01,77780.73
"Canada","Germany",0.01,181470.3
"Canada","Ghana",0.00,2147.858
"Canada","Greece",0.00,3274.68
"Canada","Greenland",0.00,1869.061
"Canada","Grenada",0.00,191.076
"Canada","Guatemala",0.00,266.415
"Canada","Guinea",0.00,362.51
"Canada","Guyana",0.01,86506.84
"Canada","Haiti",0.00,1220.501
"Canada","Honduras",0.00,122.84
"Canada","Iceland",0.00,59.351
"Canada","India",0.00,10046.47
"Canada","IranIslamicRepublic",0.00,392.061
"Canada","Ireland",0.00,12002.21
"Canada","Israel",0.00,4080.085
"Canada","Italy",0.00,45445.95
"Canada","Japan",0.02,245911.6
"Canada","Jordan",0.00,261.427
"Canada","Kenya",0.00,484.235
"Canada","KoreaRepublicof",0.00,28066.32
"Canada","Kuwait",0.00,106.859
"Canada","Kyrgyzstan",0.00,397.773
"Canada","LaoPeoplesDemRep",0.00,1.273
"Canada","Latvia",0.00,462.891
"Canada","Madagascar",0.00,83.159
"Canada","Malaysia",0.00,8896.148
"Canada","Mali",0.00,1746.239
"Canada","Mauritania",0.00,23.364
"Canada","Mexico",0.00,2656.743
"Canada","Morocco",0.00,281.834
"Canada","Myanmar",0.00,246.331
"Canada","Namibia",0.00,26.127
"Canada","Netherlands",0.01,78313.06
"Canada","NetherlandsAntilles",0.00,934.828
"Canada","Nicaragua",0.00,5329.488
"Canada","Niger",0.00,158.697
"Canada","Nigeria",0.00,72.648
"Canada","Norway",0.00,22511.97
"Canada","Oman",0.00,194.338
"Canada","Pakistan",0.00,1165.079
"Canada","Panama",0.00,2010.818
"Canada","PapuaNewGuinea",0.00,205.23
"Canada","Paraguay",0.00,1812.688
"Canada","Peru",0.00,409.172
"Canada","Philippines",0.01,66715.84
"Canada","Poland",0.00,11357.77
"Canada","Portugal",0.00,2618.943
"Canada","Qatar",0.00,19.44
"Canada","Rwanda",0.00,329.635
"Canada","SaintKittsandNevis",0.00,165.214
"Canada","SaintLucia",0.00,479.441
"Canada","SaintPierreandMiquelon",0.00,2188.003
"Canada","SaintVincentandGrenadines",0.00,156.436
"Canada","SaudiArabia",0.00,413.521
"Canada","Senegal",0.00,661.756
"Canada","Singapore",0.00,13925.88
"Canada","Slovenia",0.00,10092.34
"Canada","Somalia",0.00,543.83
"Canada","SouthAfrica",0.00,1946.225
"Canada","Spain",0.00,6180.533
"Canada","SriLanka",0.00,349.129
"Canada","Sudan2011",0.00,72.97701
"Canada","Suriname",0.00,288.144
"Canada","Swaziland",0.00,15.804
"Canada","Sweden",0.01,75338.42
"Canada","Switzerland",0.01,170175.5
"Canada","SyrianArabRepublic",0.00,42.164
"Canada","Thailand",0.00,7821.523
"Canada","TrinidadandTobago",0.00,2835.04
"Canada","Tunisia",0.00,7.046
"Canada","Uganda",0.00,65.911
"Canada","UnitedArabEmirates",0.00,3582.734
"Canada","UnitedKingdom",0.01,72081.98
"Canada","UnitedStates",1.00,1.32e+07
"Canada","Venezuela",0.00,397.275
"Canada","VietNam",0.00,26.991
"Canada","Yemen",0.00,6.909
"Canada","Zambia",0.00,15.278
"Canada","Zimbabwe",0.00,64.185
"CaymanIslands","Germany",0.00,57.353
"CaymanIslands","UnitedKingdom",0.00,327.844
"CaymanIslands","UnitedStates",0.00,45269.09
"CentralAfricanRepublic","ChinaHongKongSAR",0.00,24.62
"CentralAfricanRepublic","CotedIvoire",0.00,4963.981
"CentralAfricanRepublic","France",0.00,45.919
"CentralAfricanRepublic","Germany",0.00,473.71
"CentralAfricanRepublic","Japan",0.00,198.458
"CentralAfricanRepublic","UnitedStates",0.00,695.202
"Chad","CotedIvoire",0.00,27.46
"Chad","Germany",0.00,299.338
"Chad","Guinea",0.00,14.351
"Chad","Malaysia",0.00,14.519
"Chad","Tunisia",0.00,.384
"Chad","UnitedKingdom",0.00,151.561
"Chad","UnitedStates",0.00,567.765
"Chile","China",0.00,49.897
"Chile","ChinaHongKongSAR",0.00,888.926
"Chile","ChinaTaiwanProvince",0.00,378.085
"Chile","CostaRica",0.00,1258.257
"Chile","Cuba",0.00,211.889
"Chile","Denmark",0.00,3240.194
"Chile","ElSalvador",0.00,203.395
"Chile","France",0.00,188.649
"Chile","Germany",0.01,119435.6
"Chile","India",0.00,372.706
"Chile","Israel",0.00,804.537
"Chile","Italy",0.00,1735.757
"Chile","Japan",0.00,14114.63
"Chile","KoreaRepublicof",0.00,678.586
"Chile","Luxembourg",0.00,.002
"Chile","Mexico",0.00,2629.311
"Chile","Namibia",0.00,13.144
"Chile","Netherlands",0.00,798.295
"Chile","NetherlandsAntilles",0.00,1.878
"Chile","Norway",0.00,600.095
"Chile","Paraguay",0.00,184.234
"Chile","Philippines",0.00,10280.23
"Chile","Singapore",0.00,690.548
"Chile","SouthAfrica",0.00,191.838
"Chile","Spain",0.00,4382.453
"Chile","Sweden",0.00,50832.34
"Chile","Switzerland",0.00,1311.666
"Chile","UnitedKingdom",0.01,114374.5
"Chile","UnitedStates",0.03,349297.6
"Chile","Uruguay",0.00,229.238
"Chile","Venezuela",0.00,115.87
"ChinaHongKongSAR","China",0.04,506618.9
"ChinaHongKongSAR","ChinaMacaoSAR",0.00,26820.05
"ChinaHongKongSAR","ChinaTaiwanProvince",0.01,76551.35
"ChinaHongKongSAR","CostaRica",0.00,229.903
"ChinaHongKongSAR","CotedIvoire",0.00,116.123
"ChinaHongKongSAR","Cuba",0.00,34.826
"ChinaHongKongSAR","CzechRepublic",0.00,466.233
"ChinaHongKongSAR","DemRepoftheCongo",0.00,217.96
"ChinaHongKongSAR","Denmark",0.00,7908.726
"ChinaHongKongSAR","DominicanRepublic",0.00,151.377
"ChinaHongKongSAR","Egypt",0.00,705.703
"ChinaHongKongSAR","ElSalvador",0.00,195.137
"ChinaHongKongSAR","Fiji",0.00,740.002
"ChinaHongKongSAR","France",0.00,8421.066
"ChinaHongKongSAR","Germany",0.02,262453.4
"ChinaHongKongSAR","Ghana",0.00,301.903
"ChinaHongKongSAR","Gibraltar",0.00,58.523
"ChinaHongKongSAR","Greece",0.00,997.0391
"ChinaHongKongSAR","Guatemala",0.00,306.327
"ChinaHongKongSAR","Guinea",0.00,211.35
"ChinaHongKongSAR","Honduras",0.00,283.272
"ChinaHongKongSAR","Iceland",0.00,239.689
"ChinaHongKongSAR","India",0.00,7537.641
"ChinaHongKongSAR","Indonesia2002",0.00,13019.4
"ChinaHongKongSAR","IranIslamicRepublic",0.00,63.234
"ChinaHongKongSAR","Ireland",0.00,332.73
"ChinaHongKongSAR","Israel",0.00,1368.95
"ChinaHongKongSAR","Italy",0.00,16322.44
"ChinaHongKongSAR","Japan",0.08,1105068
"ChinaHongKongSAR","Jordan",0.00,183.82
"ChinaHongKongSAR","Kenya",0.00,273.171
"ChinaHongKongSAR","Kiribati",0.00,71.803
"ChinaHongKongSAR","KoreaDemPeoples",0.00,12527.71
"ChinaHongKongSAR","KoreaRepublicof",0.05,696063.3
"ChinaHongKongSAR","Kuwait",0.00,396.089
"ChinaHongKongSAR","LaoPeoplesDemRep",0.00,205.402
"ChinaHongKongSAR","Lesotho",0.00,247.321
"ChinaHongKongSAR","Liberia",0.00,39.071
"ChinaHongKongSAR","Madagascar",0.00,466.116
"ChinaHongKongSAR","Malawi",0.00,43.076
"ChinaHongKongSAR","Malaysia",0.01,68934.06
"ChinaHongKongSAR","Maldives",0.00,63.999
"ChinaHongKongSAR","Malta",0.00,236.219
"ChinaHongKongSAR","Mauritania",0.00,55.651
"ChinaHongKongSAR","Mexico",0.00,848.462
"ChinaHongKongSAR","Morocco",0.00,100.703
"ChinaHongKongSAR","Mozambique",0.00,29.026
"ChinaHongKongSAR","Myanmar",0.00,1054.538
"ChinaHongKongSAR","Namibia",0.00,23.048
"ChinaHongKongSAR","Netherlands",0.00,9114.854
"ChinaHongKongSAR","NetherlandsAntilles",0.00,94.43999
"ChinaHongKongSAR","NewCaledonia",0.00,721.59
"ChinaHongKongSAR","Nicaragua",0.00,19.839
"ChinaHongKongSAR","Niger",0.00,11.269
"ChinaHongKongSAR","Nigeria",0.00,387.442
"ChinaHongKongSAR","Norway",0.00,8906.607
"ChinaHongKongSAR","Oman",0.00,262.141
"ChinaHongKongSAR","Pakistan",0.00,1463.541
"ChinaHongKongSAR","Panama",0.00,693.559
"ChinaHongKongSAR","PapuaNewGuinea",0.00,1220.949
"ChinaHongKongSAR","Paraguay",0.00,180.978
"ChinaHongKongSAR","Philippines",0.02,257403.6
"ChinaHongKongSAR","Poland",0.00,2210.101
"ChinaHongKongSAR","Portugal",0.00,604.4579
"ChinaHongKongSAR","Qatar",0.00,156.337
"ChinaHongKongSAR","Samoa",0.00,75.4
"ChinaHongKongSAR","SaudiArabia",0.00,811.465
"ChinaHongKongSAR","Senegal",0.00,113.579
"ChinaHongKongSAR","Seychelles",0.00,116.699
"ChinaHongKongSAR","SierraLeone",0.00,42.331
"ChinaHongKongSAR","Singapore",0.01,117537
"ChinaHongKongSAR","SolomonIslands",0.00,504.21
"ChinaHongKongSAR","SouthAfrica",0.01,91269.35
"ChinaHongKongSAR","Spain",0.00,4870.58
"ChinaHongKongSAR","SriLanka",0.00,6536.192
"ChinaHongKongSAR","Sudan2011",0.00,20.942
"ChinaHongKongSAR","Swaziland",0.00,91.598
"ChinaHongKongSAR","Sweden",0.00,29954.15
"ChinaHongKongSAR","Switzerland",0.00,33808.43
"ChinaHongKongSAR","SyrianArabRepublic",0.00,52.839
"ChinaHongKongSAR","Thailand",0.00,61135.2
"ChinaHongKongSAR","Tonga",0.00,84.279
"ChinaHongKongSAR","Tunisia",0.00,95.358
"ChinaHongKongSAR","Uganda",0.00,75.433
"ChinaHongKongSAR","UnitedArabEmirates",0.00,3269.953
"ChinaHongKongSAR","UnitedKingdom",0.00,49612.23
"ChinaHongKongSAR","UnitedStates",0.07,908213.3
"ChinaHongKongSAR","Vanuatu",0.00,311.328
"ChinaHongKongSAR","Venezuela",0.00,222.036
"ChinaHongKongSAR","VietNam",0.00,4913.264
"ChinaHongKongSAR","Yemen",0.00,28.619
"ChinaHongKongSAR","Zambia",0.00,51.64
"ChinaHongKongSAR","Zimbabwe",0.00,172.425
"ChinaMacaoSAR","ChinaTaiwanProvince",0.00,122.37
"ChinaMacaoSAR","Germany",0.00,365.658
"ChinaMacaoSAR","Japan",0.00,928.355
"ChinaMacaoSAR","Malaysia",0.00,95.631
"ChinaMacaoSAR","Philippines",0.00,98.44501
"ChinaMacaoSAR","Poland",0.00,349.751
"ChinaMacaoSAR","Singapore",0.00,55.759
"ChinaMacaoSAR","Thailand",0.00,30.193
"ChinaMacaoSAR","UnitedKingdom",0.00,463.598
"ChinaMacaoSAR","UnitedStates",0.00,6823.986
"ChinaTaiwanProvince","China",0.00,253.378
"ChinaTaiwanProvince","CostaRica",0.00,71.435
"ChinaTaiwanProvince","CotedIvoire",0.00,6.99
"ChinaTaiwanProvince","Denmark",0.00,962.841
"ChinaTaiwanProvince","Egypt",0.00,64.737
"ChinaTaiwanProvince","ElSalvador",0.00,39.187
"ChinaTaiwanProvince","Finland",0.00,82.009
"ChinaTaiwanProvince","France",0.00,959.827
"ChinaTaiwanProvince","Germany",0.02,272272.1
"ChinaTaiwanProvince","Ghana",0.00,8.394
"ChinaTaiwanProvince","Guatemala",0.00,33.346
"ChinaTaiwanProvince","Guinea",0.00,3.02
"ChinaTaiwanProvince","Honduras",0.00,22.033
"ChinaTaiwanProvince","Iceland",0.00,12.447
"ChinaTaiwanProvince","India",0.00,1284.486
"ChinaTaiwanProvince","IranIslamicRepublic",0.00,39.162
"ChinaTaiwanProvince","Israel",0.00,476
"ChinaTaiwanProvince","Italy",0.00,32349.25
"ChinaTaiwanProvince","Japan",0.05,595846
"ChinaTaiwanProvince","Jordan",0.00,51.96
"ChinaTaiwanProvince","Kenya",0.00,34.624
"ChinaTaiwanProvince","KoreaDemPeoples",0.00,113.831
"ChinaTaiwanProvince","KoreaRepublicof",0.02,232535.4
"ChinaTaiwanProvince","Kuwait",0.00,48.057
"ChinaTaiwanProvince","LaoPeoplesDemRep",0.00,39.183
"ChinaTaiwanProvince","Lesotho",0.00,41.521
"ChinaTaiwanProvince","Madagascar",0.00,13.514
"ChinaTaiwanProvince","Malaysia",0.00,25964.49
"ChinaTaiwanProvince","Maldives",0.00,144.486
"ChinaTaiwanProvince","Malta",0.00,31.302
"ChinaTaiwanProvince","Mexico",0.00,115.008
"ChinaTaiwanProvince","Morocco",0.00,52.322
"ChinaTaiwanProvince","Namibia",0.00,2.065
"ChinaTaiwanProvince","Netherlands",0.00,4039.593
"ChinaTaiwanProvince","Nicaragua",0.00,10.879
"ChinaTaiwanProvince","Nigeria",0.00,37.682
"ChinaTaiwanProvince","Norway",0.00,41990.96
"ChinaTaiwanProvince","Oman",0.00,97.95
"ChinaTaiwanProvince","Pakistan",0.00,172.578
"ChinaTaiwanProvince","Panama",0.00,54.056
"ChinaTaiwanProvince","PapuaNewGuinea",0.00,16.229
"ChinaTaiwanProvince","Paraguay",0.00,36.967
"ChinaTaiwanProvince","Philippines",0.02,260339.9
"ChinaTaiwanProvince","Poland",0.00,1294
"ChinaTaiwanProvince","SaudiArabia",0.00,201.791
"ChinaTaiwanProvince","Senegal",0.00,15.657
"ChinaTaiwanProvince","Singapore",0.01,103766.2
"ChinaTaiwanProvince","Slovenia",0.00,11.513
"ChinaTaiwanProvince","SolomonIslands",0.00,2.679
"ChinaTaiwanProvince","SouthAfrica",0.00,2092.842
"ChinaTaiwanProvince","Spain",0.00,2096.087
"ChinaTaiwanProvince","Sudan2011",0.00,5.042
"ChinaTaiwanProvince","Swaziland",0.00,17.877
"ChinaTaiwanProvince","Sweden",0.00,41413.99
"ChinaTaiwanProvince","Switzerland",0.00,544.841
"ChinaTaiwanProvince","SyrianArabRepublic",0.00,20.943
"ChinaTaiwanProvince","Thailand",0.00,9439.412
"ChinaTaiwanProvince","TrinidadandTobago",0.00,7.842
"ChinaTaiwanProvince","Tunisia",0.00,24.001
"ChinaTaiwanProvince","Turkey",0.00,111.01
"ChinaTaiwanProvince","UnitedArabEmirates",0.00,479.168
"ChinaTaiwanProvince","UnitedKingdom",0.00,5673.804
"ChinaTaiwanProvince","UnitedStates",0.05,689893.4
"ChinaTaiwanProvince","Uruguay",0.00,146.727
"ChinaTaiwanProvince","Venezuela",0.00,29.464
"ChinaTaiwanProvince","VietNam",0.00,36254.02
"ChinaTaiwanProvince","Zimbabwe",0.00,13.141
"China","Germany",0.09,1205619
"China","Israel",0.00,444.934
"China","Japan",0.03,331951.7
"China","KoreaRepublicof",0.00,9777.632
"China","Namibia",0.00,29.552
"China","Oman",0.00,25.408
"China","Pakistan",0.01,172221.7
"China","Philippines",0.00,10054.87
"China","Singapore",0.01,119570.3
"China","SouthAfrica",0.01,141535.3
"China","Swaziland",0.00,15.092
"China","Thailand",0.00,21872
"China","UnitedKingdom",0.00,1110.535
"China","UnitedStates",0.01,158626.1
"Colombia","Denmark",0.00,644.748
"Colombia","France",0.01,82588.62
"Colombia","Germany",0.00,29224.28
"Colombia","Mexico",0.00,435.996
"Colombia","Netherlands",0.00,83.244
"Colombia","Panama",0.00,845.253
"Colombia","Peru",0.00,2.025
"Colombia","SouthAfrica",0.00,18.442
"Colombia","Spain",0.00,769.404
"Colombia","Sweden",0.00,17171.73
"Colombia","UnitedKingdom",0.00,22677.53
"Colombia","UnitedStates",0.01,183897
"Colombia","Venezuela",0.00,718.698
"Comoros","France",0.00,600.232
"Comoros","Germany",0.00,75.064
"Comoros","Madagascar",0.00,84.647
"Comoros","UnitedStates",0.00,15.996
"Congo","CotedIvoire",0.00,204.217
"Congo","Denmark",0.00,253.52
"Congo","France",0.00,134.801
"Congo","Germany",0.00,973.384
"Congo","Guinea",0.00,4.708
"Congo","Malaysia",0.00,395.397
"Congo","Mali",0.00,9.491
"Congo","Netherlands",0.00,213.879
"Congo","Poland",0.00,87.39301
"Congo","Spain",0.00,18.226
"Congo","Tunisia",0.00,.348
"Congo","UnitedKingdom",0.00,8240.595
"Congo","UnitedStates",0.00,2154.089
"CookIslands","Denmark",0.00,14.409
"CookIslands","UnitedStates",0.00,133.161
"CostaRica","Cuba",0.00,5.819
"CostaRica","Denmark",0.00,25.041
"CostaRica","ElSalvador",0.00,112.495
"CostaRica","France",0.00,715.283
"CostaRica","Germany",0.00,4355.192
"CostaRica","Guatemala",0.00,109.182
"CostaRica","Honduras",0.00,33.995
"CostaRica","Ireland",0.00,213.166
"CostaRica","Italy",0.00,562.617
"CostaRica","Japan",0.00,911.086
"CostaRica","Malaysia",0.00,52.869
"CostaRica","Mexico",0.00,668.734
"CostaRica","Mozambique",0.00,2.617
"CostaRica","Netherlands",0.00,94.687
"CostaRica","Norway",0.00,3105.791
"CostaRica","Panama",0.00,426.377
"CostaRica","Poland",0.00,703.822
"CostaRica","Spain",0.00,163.779
"CostaRica","Sweden",0.00,2094.579
"CostaRica","Thailand",0.00,3.332
"CostaRica","UnitedKingdom",0.00,290.358
"CostaRica","UnitedStates",0.01,161154.3
"CostaRica","Venezuela",0.00,329.557
"CotedIvoire","DemRepoftheCongo",0.00,104.349
"CotedIvoire","Denmark",0.00,185.91
"CotedIvoire","Djibouti",0.00,8.938
"CotedIvoire","Egypt",0.00,82.292
"CotedIvoire","EquatorialGuinea",0.00,11.239
"CotedIvoire","France",0.00,30939.9
"CotedIvoire","Germany",0.00,6040.377
"CotedIvoire","Ghana",0.00,137.275
"CotedIvoire","Guinea",0.00,157.946
"CotedIvoire","Haiti",0.00,102.294
"CotedIvoire","India",0.00,95.218
"CotedIvoire","Italy",0.00,334.986
"CotedIvoire","Japan",0.00,408.146
"CotedIvoire","Kenya",0.00,487.978
"CotedIvoire","Lesotho",0.00,19.505
"CotedIvoire","Libya",0.00,10.849
"CotedIvoire","Madagascar",0.00,132.6
"CotedIvoire","Mali",0.00,243.009
"CotedIvoire","Mauritania",0.00,56.482
"CotedIvoire","Morocco",0.00,1119.573
"CotedIvoire","Netherlands",0.00,235.948
"CotedIvoire","NewCaledonia",0.00,7.306
"CotedIvoire","Niger",0.00,86.802
"CotedIvoire","Nigeria",0.00,283.1
"CotedIvoire","Norway",0.00,780.153
"CotedIvoire","Senegal",0.00,710.096
"CotedIvoire","SierraLeone",0.00,105.347
"CotedIvoire","Singapore",0.00,88.797
"CotedIvoire","SouthAfrica",0.00,1016.334
"CotedIvoire","Spain",0.00,240.023
"CotedIvoire","Swaziland",0.00,14.435
"CotedIvoire","Sweden",0.00,917.118
"CotedIvoire","Togo",0.00,103.415
"CotedIvoire","Tunisia",0.00,2.278
"CotedIvoire","Uganda",0.00,101.571
"CotedIvoire","UnitedKingdom",0.00,1854.876
"CotedIvoire","UnitedStates",0.00,4935.988
"CotedIvoire","Zimbabwe",0.00,33.001
"Croatia","CzechRepublic",0.00,1332.805
"Croatia","Denmark",0.00,1681.067
"Croatia","Egypt",0.00,153.983
"Croatia","France",0.00,118.019
"Croatia","Germany",0.01,101675.1
"Croatia","Greece",0.00,364.432
"Croatia","India",0.00,2.458
"Croatia","IranIslamicRepublic",0.00,27726.97
"Croatia","Italy",0.00,14832.88
"Croatia","Netherlands",0.00,28150.14
"Croatia","Poland",0.00,3575.677
"Croatia","Slovenia",0.00,6376.117
"Croatia","Sudan2011",0.00,367.427
"Croatia","TFYRofMacedonia",0.00,21.589
"Croatia","UnitedKingdom",0.00,441.467
"Croatia","UnitedStates",0.00,19737.3
"Cuba","Germany",0.00,8795.218
"Cuba","Malaysia",0.00,12.731
"Cuba","Mexico",0.00,301.892
"Cuba","Poland",0.00,420.409
"Cuba","Spain",0.00,490.819
"Cuba","Sweden",0.00,4179.589
"Cuba","UnitedKingdom",0.00,268.998
"Cyprus","Greece",0.00,338.032
"Cyprus","Italy",0.00,2418.834
"Cyprus","SerbiaandMontenegro",0.00,1196.744
"Cyprus","Spain",0.00,13.418
"CzechRepublic","Denmark",0.00,3659.423
"CzechRepublic","Djibouti",0.00,978.913
"CzechRepublic","Egypt",0.00,11226.74
"CzechRepublic","Finland",0.00,915.508
"CzechRepublic","France",0.00,15854.59
"CzechRepublic","Germany",0.03,362724.3
"CzechRepublic","Greece",0.00,837.219
"CzechRepublic","India",0.00,2763.865
"CzechRepublic","Ireland",0.00,964.486
"CzechRepublic","Israel",0.00,1289.362
"CzechRepublic","Italy",0.00,14635.66
"CzechRepublic","Japan",0.00,1637.42
"CzechRepublic","KoreaRepublicof",0.00,7.346
"CzechRepublic","Latvia",0.00,202.816
"CzechRepublic","Luxembourg",0.00,543.62
"CzechRepublic","Malaysia",0.00,201.805
"CzechRepublic","Namibia",0.00,22.547
"CzechRepublic","Netherlands",0.00,11240.18
"CzechRepublic","Norway",0.00,19669.59
"CzechRepublic","Pakistan",0.00,13.116
"CzechRepublic","Philippines",0.00,561.82
"CzechRepublic","Poland",0.00,63754.99
"CzechRepublic","SerbiaandMontenegro",0.00,3.001
"CzechRepublic","Singapore",0.00,998.924
"CzechRepublic","Slovakia",0.00,46637.94
"CzechRepublic","Slovenia",0.00,1064.584
"CzechRepublic","SouthAfrica",0.00,6889.741
"CzechRepublic","Spain",0.00,1454.636
"CzechRepublic","Sweden",0.00,24036.68
"CzechRepublic","Switzerland",0.00,5104.062
"CzechRepublic","SyrianArabRepublic",0.00,1100.475
"CzechRepublic","Thailand",0.00,1779.379
"CzechRepublic","Tunisia",0.00,30605.99
"CzechRepublic","UnitedKingdom",0.00,11333.27
"CzechRepublic","UnitedStates",0.00,42255.97
"CzechRepublic","VietNam",0.00,160.177
"DemRepoftheCongo","Germany",0.00,7178.778
"DemRepoftheCongo","India",0.00,104.739
"DemRepoftheCongo","Ireland",0.00,142.219
"DemRepoftheCongo","Madagascar",0.00,42.815
"DemRepoftheCongo","Malaysia",0.00,7.086
"DemRepoftheCongo","Norway",0.00,896.689
"DemRepoftheCongo","Poland",0.00,230.223
"DemRepoftheCongo","Tunisia",0.00,.518
"DemRepoftheCongo","UnitedKingdom",0.00,469.347
"DemRepoftheCongo","UnitedStates",0.00,3189.095
"DemRepoftheCongo","Zambia",0.00,45.46
"Denmark","DominicanRepublic",0.00,81.65501
"Denmark","Egypt",0.00,1678.537
"Denmark","Finland",0.00,40018.71
"Denmark","France",0.00,31260.7
"Denmark","Germany",0.07,921127.2
"Denmark","Ghana",0.00,120.599
"Denmark","Gibraltar",0.00,976.416
"Denmark","Greece",0.00,7292.688
"Denmark","Greenland",0.00,9285.508
"Denmark","Guatemala",0.00,184.888
"Denmark","Iceland",0.00,2505.506
"Denmark","India",0.00,6235.907
"Denmark","IranIslamicRepublic",0.00,745.059
"Denmark","Ireland",0.00,35003.59
"Denmark","Israel",0.00,654.43
"Denmark","Italy",0.00,42718.01
"Denmark","Japan",0.00,18615.22
"Denmark","Jordan",0.00,201.728
"Denmark","Kenya",0.00,95.429
"Denmark","Kuwait",0.00,157.221
"Denmark","Latvia",0.00,1771.909
"Denmark","Luxembourg",0.00,1439.713
"Denmark","Madagascar",0.00,46.942
"Denmark","Malawi",0.00,20.543
"Denmark","Malaysia",0.00,2163.562
"Denmark","Maldives",0.00,35.031
"Denmark","Malta",0.00,626.78
"Denmark","Mauritania",0.00,79.888
"Denmark","Mexico",0.00,152.389
"Denmark","Morocco",0.00,322.325
"Denmark","Mozambique",0.00,29.396
"Denmark","Namibia",0.00,50.475
"Denmark","Netherlands",0.01,90415.91
"Denmark","NetherlandsAntilles",0.00,623.58
"Denmark","Nigeria",0.00,710.015
"Denmark","Norway",0.02,225337.7
"Denmark","Oman",0.00,91.818
"Denmark","Pakistan",0.00,105.177
"Denmark","Panama",0.00,1823.405
"Denmark","PapuaNewGuinea",0.00,17.669
"Denmark","Paraguay",0.00,108.051
"Denmark","Philippines",0.00,1607.96
"Denmark","Poland",0.00,19098.96
"Denmark","Qatar",0.00,11.376
"Denmark","SaudiArabia",0.00,2275.231
"Denmark","Senegal",0.00,76.86
"Denmark","SierraLeone",0.00,13.355
"Denmark","Singapore",0.00,61377.2
"Denmark","Slovakia",0.00,21.652
"Denmark","SouthAfrica",0.00,2217.347
"Denmark","Spain",0.00,32942.02
"Denmark","SriLanka",0.00,300.641
"Denmark","Sudan2011",0.00,47.485
"Denmark","Swaziland",0.00,11.83
"Denmark","Sweden",0.04,472537
"Denmark","Switzerland",0.00,5667.175
"Denmark","SyrianArabRepublic",0.00,36.107
"Denmark","Thailand",0.00,1557.252
"Denmark","TrinidadandTobago",0.00,104.419
"Denmark","Tunisia",0.00,42.394
"Denmark","UnitedArabEmirates",0.00,6779.68
"Denmark","UnitedKingdom",0.01,71112.01
"Denmark","UnitedStates",0.01,96919.05
"Denmark","Venezuela",0.00,394.737
"Denmark","Zimbabwe",0.00,46.379
"Djibouti","Germany",0.00,250.178
"Djibouti","Israel",0.00,243.447
"Djibouti","Madagascar",0.00,15.878
"Djibouti","Singapore",0.00,153.179
"DominicanRepublic","France",0.00,6.561
"DominicanRepublic","Germany",0.00,3140.377
"DominicanRepublic","Japan",0.00,480.16
"DominicanRepublic","Malaysia",0.00,46.964
"DominicanRepublic","Mexico",0.00,178.632
"DominicanRepublic","Philippines",0.00,655.596
"DominicanRepublic","Poland",0.00,343.806
"DominicanRepublic","Singapore",0.00,15.685
"DominicanRepublic","Spain",0.00,94.674
"DominicanRepublic","Thailand",0.00,414.819
"DominicanRepublic","UnitedKingdom",0.00,38.236
"DominicanRepublic","UnitedStates",0.01,192179
"Ecuador","France",0.00,6.615
"Ecuador","Germany",0.00,19273.3
"Ecuador","Italy",0.00,432.464
"Ecuador","Japan",0.00,454.703
"Ecuador","KoreaRepublicof",0.00,.011
"Ecuador","Mexico",0.00,1723.48
"Ecuador","Switzerland",0.00,4671.706
"Ecuador","UnitedKingdom",0.01,72368.82
"Ecuador","UnitedStates",0.00,54095.01
"Egypt","France",0.00,25.12
"Egypt","Germany",0.01,87146.77
"Egypt","Greece",0.00,121.4
"Egypt","India",0.00,3081.318
"Egypt","Ireland",0.00,773.545
"Egypt","Israel",0.00,329.107
"Egypt","Italy",0.00,19146.31
"Egypt","Japan",0.00,14374.52
"Egypt","Jordan",0.00,225.326
"Egypt","Malaysia",0.00,297.733
"Egypt","Malta",0.00,1.369
"Egypt","Norway",0.00,2105.892
"Egypt","Oman",0.00,659.562
"Egypt","Pakistan",0.00,24.887
"Egypt","Philippines",0.00,3392.619
"Egypt","Poland",0.00,3550.691
"Egypt","Qatar",0.00,21.885
"Egypt","SaudiArabia",0.00,.01
"Egypt","Singapore",0.00,2386.926
"Egypt","Slovenia",0.00,1.104
"Egypt","Spain",0.00,37468.15
"Egypt","Sweden",0.00,12130.13
"Egypt","Thailand",0.00,44.397
"Egypt","Tunisia",0.00,14.213
"Egypt","UnitedKingdom",0.00,10153.81
"Egypt","UnitedStates",0.00,42900.84
"ElSalvador","Germany",0.00,6589.144
"ElSalvador","Japan",0.00,182.865
"ElSalvador","KoreaRepublicof",0.00,3.142
"ElSalvador","Malaysia",0.00,10.121
"ElSalvador","Mexico",0.00,337.153
"ElSalvador","Netherlands",0.00,.774
"ElSalvador","Poland",0.00,141.289
"ElSalvador","Spain",0.00,313.156
"ElSalvador","UnitedKingdom",0.00,91.71201
"ElSalvador","UnitedStates",0.00,63273.88
"EquatorialGuinea","Germany",0.00,52.99
"EquatorialGuinea","UnitedKingdom",0.00,79.354
"EquatorialGuinea","UnitedStates",0.00,618.608
"Eritrea","Germany",0.00,1530.713
"Eritrea","Japan",0.00,1221.097
"Eritrea","UnitedStates",0.00,707.086
"Estonia","Finland",0.00,681.948
"Estonia","Germany",0.00,19229
"Estonia","Latvia",0.00,7.882
"Estonia","Lithuania",0.00,13.033
"Estonia","Norway",0.00,2268.171
"Estonia","UnitedKingdom",0.00,392.592
"Estonia","UnitedStates",0.00,1318.432
"Ethiopia","UnitedStates",0.00,7858.479
"FalklandIslands","Germany",0.00,9.594
"FalklandIslands","Malaysia",0.00,4.78
"FalklandIslands","UnitedKingdom",0.00,528.131
"FalklandIslands","UnitedStates",0.00,288.111
"Fiji","Japan",0.00,1813.837
"Fiji","Kiribati",0.00,176.593
"Fiji","Malaysia",0.00,342.044
"Fiji","Philippines",0.00,90.679
"Fiji","Singapore",0.00,181.957
"Fiji","Thailand",0.00,46.221
"Fiji","UnitedKingdom",0.00,832.249
"Fiji","UnitedStates",0.00,7173.524
"Finland","France",0.00,261.315
"Finland","Germany",0.03,367895.4
"Finland","Ireland",0.00,13108.2
"Finland","Italy",0.00,1801.251
"Finland","Japan",0.00,8682.75
"Finland","Latvia",0.00,15.241
"Finland","Luxembourg",0.00,.033
"Finland","Mexico",0.00,6.001
"Finland","Netherlands",0.00,933.487
"Finland","Norway",0.01,106594.9
"Finland","Pakistan",0.00,2.252
"Finland","Singapore",0.00,3794.39
"Finland","Spain",0.00,1649.185
"Finland","Sweden",0.03,439257.2
"Finland","Switzerland",0.00,8906.81
"Finland","Thailand",0.00,6631.506
"Finland","Turkey",0.00,.01
"Finland","UnitedKingdom",0.00,265.825
"Finland","UnitedStates",0.01,66820.98
"France","France",0.01,111548.8
"France","FrenchPolynesia",0.00,12516.89
"France","Gambia",0.00,4.839
"France","Germany",0.37,4926433
"France","Ghana",0.00,182.784
"France","Greece",0.00,5845.552
"France","Guinea",0.00,27.419
"France","Haiti",0.00,62.954
"France","Hungary",0.00,299.466
"France","Iceland",0.00,386.85
"France","India",0.00,19174.54
"France","Indonesia2002",0.00,51.974
"France","IranIslamicRepublic",0.00,16.951
"France","Ireland",0.02,252939.5
"France","Israel",0.00,11040.17
"France","Italy",0.02,305504.7
"France","Jamaica",0.00,16.051
"France","Japan",0.02,220875.3
"France","Jordan",0.00,138.229
"France","Kenya",0.00,17.14
"France","Kuwait",0.00,234.724
"France","LaoPeoplesDemRep",0.00,3.812
"France","Latvia",0.00,5819.661
"France","Lesotho",0.00,.302
"France","Lithuania",0.00,45.331
"France","Luxembourg",0.00,3635.936
"France","Madagascar",0.00,1739.917
"France","Malaysia",0.00,21363.69
"France","Mali",0.00,14283.32
"France","Malta",0.00,127.658
"France","Mauritania",0.00,1664.209
"France","Mauritius",0.00,9239.133
"France","Mexico",0.00,1556.546
"France","Morocco",0.00,271.952
"France","Mozambique",0.00,16.896
"France","Namibia",0.00,33.765
"France","Netherlands",0.00,4836.901
"France","NewCaledonia",0.00,3727.083
"France","Niger",0.00,398.156
"France","Nigeria",0.00,4.252
"France","Norway",0.01,180966.7
"France","Oman",0.00,429.596
"France","Pakistan",0.00,233.822
"France","Philippines",0.00,57945.77
"France","Poland",0.00,17363.77
"France","Portugal",0.00,3519.595
"France","Qatar",0.00,141.667
"France","SaintLucia",0.00,42.137
"France","SaudiArabia",0.00,621.45
"France","Senegal",0.00,1005.47
"France","Singapore",0.00,31158.07
"France","Slovenia",0.00,350.611
"France","SouthAfrica",0.00,1500.343
"France","Spain",0.00,49555.33
"France","SriLanka",0.00,11.602
"France","Sudan2011",0.00,237.427
"France","Swaziland",0.00,12.755
"France","Sweden",0.02,326347.4
"France","Switzerland",0.01,74123.92
"France","SyrianArabRepublic",0.00,25.514
"France","Thailand",0.00,18141.23
"France","Togo",0.00,111.899
"France","TrinidadandTobago",0.00,593.721
"France","Tunisia",0.00,139.875
"France","Ukraine",0.01,155418.6
"France","UnitedArabEmirates",0.00,502.783
"France","UnitedKingdom",0.03,398785.6
"France","UnitedStates",0.07,907795.3
"France","Uruguay",0.00,4.016
"France","Venezuela",0.00,49.727
"France","VietNam",0.00,4435.133
"France","Zambia",0.00,5.18
"Gambia","Germany",0.00,1396.9
"Gambia","Guinea",0.00,4.328
"Gambia","Italy",0.00,17.756
"Gambia","Malaysia",0.00,21.681
"Gambia","Nigeria",0.00,18.465
"Gambia","Poland",0.00,105.196
"Gambia","Senegal",0.00,8.796
"Gambia","Thailand",0.00,12.044
"Gambia","UnitedKingdom",0.00,465.98
"Gambia","UnitedStates",0.00,684.392
"Germany","Ghana",0.00,25654.96
"Germany","Gibraltar",0.00,3347.521
"Germany","Greece",0.04,500610.3
"Germany","Greenland",0.00,225.469
"Germany","Grenada",0.00,41.7
"Germany","Guatemala",0.00,7362.321
"Germany","Guinea",0.00,2002.99
"Germany","GuineaBissau",0.00,151.612
"Germany","Haiti",0.00,870.91
"Germany","Honduras",0.00,1031.185
"Germany","Hungary",0.02,211197
"Germany","Iceland",0.00,6482.753
"Germany","India",0.01,141689.1
"Germany","IranIslamicRepublic",0.01,74062.24
"Germany","Iraq",0.00,2589.476
"Germany","Ireland",0.04,540094.9
"Germany","Israel",0.01,117048
"Germany","Italy",0.25,3356520
"Germany","Japan",0.07,899811.8
"Germany","Jordan",0.00,18988.75
"Germany","Kazakhstan",0.00,23271.8
"Germany","Kenya",0.00,13654.66
"Germany","Kiribati",0.00,8.406
"Germany","KoreaDemPeoples",0.00,1890.297
"Germany","KoreaRepublicof",0.03,419067.1
"Germany","Kuwait",0.00,46212.94
"Germany","Kyrgyzstan",0.00,3078.371
"Germany","LaoPeoplesDemRep",0.00,756.778
"Germany","Latvia",0.00,39678.7
"Germany","Lesotho",0.00,943.165
"Germany","Liberia",0.00,1125.085
"Germany","Libya",0.00,60604.24
"Germany","Lithuania",0.00,45884.01
"Germany","Luxembourg",0.02,329351.8
"Germany","Madagascar",0.00,2260.914
"Germany","Malawi",0.00,1278.982
"Germany","Malaysia",0.01,176695.3
"Germany","Maldives",0.00,1238.883
"Germany","Mali",0.00,1561
"Germany","Malta",0.00,30479.86
"Germany","Mauritania",0.00,953.727
"Germany","Mauritius",0.00,3801.212
"Germany","Mexico",0.01,157022
"Germany","Morocco",0.00,25419.9
"Germany","Mozambique",0.00,682.853
"Germany","Namibia",0.00,5383.322
"Germany","Nepal",0.00,733
"Germany","Netherlands",0.59,7827078
"Germany","NetherlandsAntilles",0.00,1115.742
"Germany","Nicaragua",0.00,1408.714
"Germany","Niger",0.00,3214.622
"Germany","Nigeria",0.01,73818.2
"Germany","Norway",0.05,620771.1
"Germany","Oman",0.00,14427.51
"Germany","Pakistan",0.00,31781.31
"Germany","Panama",0.00,3988.043
"Germany","PapuaNewGuinea",0.00,557.032
"Germany","Paraguay",0.00,7622.105
"Germany","Peru",0.00,35538.54
"Germany","Philippines",0.03,332085.1
"Germany","Poland",0.04,506095.8
"Germany","Portugal",0.03,430883.3
"Germany","Qatar",0.00,8178.044
"Germany","RepublicofMoldova",0.00,5753.949
"Germany","Romania",0.01,73256.03
"Germany","Rwanda",0.00,1313.561
"Germany","SaintLucia",0.00,223.786
"Germany","SaintVincentandGrenadines",0.00,90.133
"Germany","Samoa",0.00,20.57
"Germany","SaudiArabia",0.01,108519.3
"Germany","Senegal",0.00,2036.84
"Germany","SerbiaandMontenegro",0.00,13970
"Germany","Seychelles",0.00,866.148
"Germany","SierraLeone",0.00,1734.754
"Germany","Singapore",0.03,334638.9
"Germany","Slovenia",0.01,67520.25
"Germany","SolomonIslands",0.00,53.812
"Germany","Somalia",0.00,69.53799
"Germany","SouthAfrica",0.05,648313.6
"Germany","Spain",0.13,1701617
"Germany","Sudan2011",0.00,4083.771
"Germany","Swaziland",0.00,665.301
"Germany","Sweden",0.14,1895892
"Germany","Switzerland",0.13,1732267
"Germany","SyrianArabRepublic",0.00,19165.94
"Germany","TFYRofMacedonia",0.00,16576.44
"Germany","Tajikistan",0.00,36.953
"Germany","Thailand",0.01,187575
"Germany","Togo",0.00,3597.37
"Germany","Tonga",0.00,62.74
"Germany","TrinidadandTobago",0.00,3740.288
"Germany","Tunisia",0.00,30068.9
"Germany","Turkey",0.07,884351.4
"Germany","Turkmenistan",0.00,11901.02
"Germany","TurksandCaicos",0.00,5.404
"Germany","Uganda",0.00,2129.501
"Germany","UnitedArabEmirates",0.01,122325.4
"Germany","UnitedKingdom",0.37,4901037
"Germany","UnitedStates",0.21,2782820
"Germany","Uzbekistan",0.01,187937.8
"Germany","Vanuatu",0.00,12.918
"Germany","Venezuela",0.02,201248.9
"Germany","VietNam",0.00,7901
"Germany","Yemen",0.00,4597.923
"Germany","Zambia",0.00,722.224
"Germany","Zimbabwe",0.00,10175.22
"Ghana","India",0.00,100.02
"Ghana","Ireland",0.00,1144.42
"Ghana","Japan",0.00,102.756
"Ghana","KoreaRepublicof",0.00,2634.585
"Ghana","Malaysia",0.00,127.742
"Ghana","Netherlands",0.00,2920.921
"Ghana","Nigeria",0.00,5210.034
"Ghana","Poland",0.00,313.011
"Ghana","Singapore",0.00,188.56
"Ghana","Slovenia",0.00,120.376
"Ghana","SouthAfrica",0.00,933.228
"Ghana","Tunisia",0.00,.008
"Ghana","UnitedKingdom",0.00,41679.04
"Ghana","UnitedStates",0.00,8722.348
"Ghana","Zimbabwe",0.00,2778.598
"Gibraltar","India",0.00,169.779
"Gibraltar","Malaysia",0.00,18.838
"Gibraltar","Spain",0.00,5241.254
"Gibraltar","UnitedKingdom",0.00,2594.701
"Gibraltar","UnitedStates",0.00,3344.871
"Greece","Ireland",0.00,10113.88
"Greece","Israel",0.00,392.758
"Greece","Italy",0.00,43124.35
"Greece","Libya",0.00,32.26
"Greece","Lithuania",0.00,14.678
"Greece","Luxembourg",0.00,553.022
"Greece","Mexico",0.00,837.764
"Greece","Namibia",0.00,3.303
"Greece","Netherlands",0.00,289.883
"Greece","Norway",0.00,20266.37
"Greece","Oman",0.00,67.612
"Greece","Romania",0.00,562.965
"Greece","SerbiaandMontenegro",0.00,972.373
"Greece","Slovenia",0.00,195.35
"Greece","SouthAfrica",0.00,634.61
"Greece","Spain",0.00,27872.84
"Greece","Swaziland",0.00,.383
"Greece","Sweden",0.00,47349.8
"Greece","Switzerland",0.00,326.445
"Greece","TFYRofMacedonia",0.00,16.203
"Greece","Tunisia",0.00,60.771
"Greece","Ukraine",0.00,40.82
"Greece","UnitedArabEmirates",0.00,101.567
"Greece","UnitedKingdom",0.00,30457.03
"Greece","UnitedStates",0.01,79016.31
"Greece","Uruguay",0.00,228.281
"Greenland","Iceland",0.00,40.764
"Greenland","Malaysia",0.00,3.472
"Greenland","UnitedStates",0.00,605.259
"Grenada","Ireland",0.00,3.781
"Grenada","Malaysia",0.00,2.15
"Grenada","TrinidadandTobago",0.00,9.971999
"Grenada","UnitedKingdom",0.00,330.017
"Grenada","UnitedStates",0.00,4803.907
"Guatemala","Malaysia",0.00,34.751
"Guatemala","Mexico",0.00,652.021
"Guatemala","Netherlands",0.00,3.092
"Guatemala","Poland",0.00,363.828
"Guatemala","Spain",0.00,1900.925
"Guatemala","Thailand",0.00,8.772
"Guatemala","UnitedKingdom",0.00,61.883
"Guatemala","UnitedStates",0.01,86876.74
"GuineaBissau","India",0.00,12.107
"GuineaBissau","Netherlands",0.00,1006.912
"Guinea","Italy",0.00,424.411
"Guinea","Japan",0.00,49.796
"Guinea","Madagascar",0.00,115.584
"Guinea","Malaysia",0.00,23.408
"Guinea","Mali",0.00,16.95
"Guinea","Morocco",0.00,2.974
"Guinea","Nigeria",0.00,19.05
"Guinea","Poland",0.00,413.139
"Guinea","Senegal",0.00,182.845
"Guinea","Spain",0.00,12.159
"Guinea","Togo",0.00,21.639
"Guinea","UnitedStates",0.00,8442.191
"Guyana","UnitedStates",0.00,40899.5
"Haiti","UnitedKingdom",0.00,435.482
"Haiti","UnitedStates",0.00,57476.41
"Honduras","Japan",0.00,98.666
"Honduras","KoreaRepublicof",0.00,5.989
"Honduras","Malaysia",0.00,248.306
"Honduras","Mexico",0.00,133.386
"Honduras","Philippines",0.00,37.791
"Honduras","Poland",0.00,372.933
"Honduras","Singapore",0.00,15399.51
"Honduras","Spain",0.00,69.895
"Honduras","UnitedKingdom",0.00,40.823
"Honduras","UnitedStates",0.01,91359.22
"Hungary","Israel",0.00,1597
"Hungary","Italy",0.00,9824.918
"Hungary","Namibia",0.00,1.851
"Hungary","Netherlands",0.00,747.783
"Hungary","Poland",0.00,13198.01
"Hungary","Slovenia",0.00,6733.956
"Hungary","Thailand",0.00,15.171
"Hungary","UnitedKingdom",0.00,1474.36
"Hungary","UnitedStates",0.00,15092.17
"Iceland","India",0.00,262.319
"Iceland","Italy",0.00,30.885
"Iceland","Japan",0.00,194.653
"Iceland","Luxembourg",0.00,1.506
"Iceland","Netherlands",0.00,710.188
"Iceland","Norway",0.00,10189.7
"Iceland","Sweden",0.00,8628.909
"Iceland","Switzerland",0.00,238.029
"Iceland","UnitedKingdom",0.00,3362.777
"Iceland","UnitedStates",0.00,39897.69
"India","Indonesia2002",0.00,2078.923
"India","IranIslamicRepublic",0.00,21150.52
"India","Ireland",0.00,2927.277
"India","Israel",0.00,2363.651
"India","Italy",0.00,34517.02
"India","Japan",0.00,33245.58
"India","Jordan",0.00,264.676
"India","Kenya",0.00,1299.274
"India","KoreaDemPeoples",0.00,2814.087
"India","KoreaRepublicof",0.00,560.548
"India","Kuwait",0.00,11110.58
"India","Madagascar",0.00,27.471
"India","Malaysia",0.00,5858.886
"India","Maldives",0.00,228.464
"India","Malta",0.00,189.375
"India","Mexico",0.00,490.513
"India","Morocco",0.00,706.002
"India","Mozambique",0.00,21.252
"India","Myanmar",0.00,35.611
"India","Namibia",0.00,52.629
"India","Nepal",0.00,20604.11
"India","Netherlands",0.00,43302.55
"India","Nigeria",0.00,5543.16
"India","Norway",0.00,9492.107
"India","Oman",0.00,8900.813
"India","Pakistan",0.00,2419.729
"India","Philippines",0.00,8110.472
"India","Poland",0.00,2932.054
"India","Portugal",0.00,1298.246
"India","Qatar",0.00,6176.459
"India","SaudiArabia",0.00,11016.72
"India","SerbiaandMontenegro",0.00,8.949
"India","Singapore",0.01,94817.72
"India","Slovenia",0.00,36.746
"India","SouthAfrica",0.03,439207.8
"India","Spain",0.00,37530.67
"India","SriLanka",0.00,7124.635
"India","Swaziland",0.00,55.388
"India","Sweden",0.00,33342.63
"India","Switzerland",0.00,2672.377
"India","TanzaniaUnitedRepublic",0.00,440.998
"India","Thailand",0.00,1415.354
"India","Tunisia",0.00,70.126
"India","UnitedArabEmirates",0.01,72688.84
"India","UnitedKingdom",0.00,56610.5
"India","UnitedStates",0.02,271947.8
"India","Venezuela",0.00,72.442
"India","Yemen",0.00,188.269
"India","Zambia",0.00,125.867
"India","Zimbabwe",0.00,69.026
"Indonesia2002","Japan",0.00,50204.79
"Indonesia2002","Philippines",0.00,5129.892
"Indonesia2002","Poland",0.00,773.004
"Indonesia2002","Spain",0.00,1758.406
"Indonesia2002","Thailand",0.00,5382.475
"Indonesia2002","UnitedKingdom",0.00,3302.923
"Indonesia2002","UnitedStates",0.00,52175
"IranIslamicRepublic","Ireland",0.00,262.241
"IranIslamicRepublic","Japan",0.00,7608.943
"IranIslamicRepublic","Malaysia",0.00,2975.931
"IranIslamicRepublic","Netherlands",0.00,35.248
"IranIslamicRepublic","Norway",0.00,337.396
"IranIslamicRepublic","Oman",0.00,65.831
"IranIslamicRepublic","Pakistan",0.00,170.981
"IranIslamicRepublic","Philippines",0.00,495.4
"IranIslamicRepublic","Poland",0.00,1847.802
"IranIslamicRepublic","Singapore",0.00,2624.925
"IranIslamicRepublic","Sweden",0.00,20679.26
"IranIslamicRepublic","Thailand",0.00,179.142
"IranIslamicRepublic","Tunisia",0.00,.138
"IranIslamicRepublic","UnitedKingdom",0.00,9550.219
"IranIslamicRepublic","UnitedStates",0.00,5271.064
"Iraq","SerbiaandMontenegro",0.00,82.961
"Ireland","Israel",0.00,245.12
"Ireland","Italy",0.01,143422.8
"Ireland","Japan",0.01,95377.6
"Ireland","Kenya",0.00,1360.197
"Ireland","KoreaRepublicof",0.00,3420.793
"Ireland","Luxembourg",0.00,1141.792
"Ireland","Malaysia",0.00,1844.066
"Ireland","Malta",0.00,68.257
"Ireland","Morocco",0.00,360.863
"Ireland","Namibia",0.00,8.237
"Ireland","Netherlands",0.02,256701.4
"Ireland","Nicaragua",0.00,95.021
"Ireland","Nigeria",0.00,2451.835
"Ireland","Norway",0.00,19640.33
"Ireland","Pakistan",0.00,303.246
"Ireland","Poland",0.00,4829.185
"Ireland","Rwanda",0.00,9.635
"Ireland","SaudiArabia",0.00,110.663
"Ireland","Singapore",0.00,2138.857
"Ireland","SouthAfrica",0.00,1597.468
"Ireland","Spain",0.01,70269.39
"Ireland","Swaziland",0.00,4.233
"Ireland","Sweden",0.00,54129.33
"Ireland","Switzerland",0.00,1045.497
"Ireland","Thailand",0.00,16.445
"Ireland","Tunisia",0.00,9.807
"Ireland","Turkey",0.00,4237.187
"Ireland","UnitedArabEmirates",0.00,218.16
"Ireland","UnitedKingdom",0.07,911348.1
"Ireland","UnitedStates",0.02,286189.7
"Ireland","Zimbabwe",0.00,182.535
"Israel","Italy",0.00,17155.64
"Israel","Japan",0.01,130172.9
"Israel","KoreaRepublicof",0.00,65.98
"Israel","Mexico",0.00,358
"Israel","Namibia",0.00,37.304
"Israel","Netherlands",0.00,9875.436
"Israel","Norway",0.00,12335.61
"Israel","Philippines",0.00,2234.922
"Israel","Poland",0.00,3107
"Israel","Portugal",0.00,966.001
"Israel","Singapore",0.00,12419.53
"Israel","SouthAfrica",0.00,2209.546
"Israel","Spain",0.00,3105.883
"Israel","Sweden",0.01,104241
"Israel","Switzerland",0.00,2515.736
"Israel","Thailand",0.00,2364.685
"Israel","Turkey",0.00,835.996
"Israel","UnitedKingdom",0.00,13690.17
"Israel","UnitedStates",0.03,426930.2
"Israel","Uruguay",0.00,165.001
"Italy","Japan",0.01,101566.6
"Italy","Kenya",0.00,3067.853
"Italy","Latvia",0.00,90.272
"Italy","Libya",0.00,5430.281
"Italy","Lithuania",0.00,1929.758
"Italy","Luxembourg",0.00,7259.378
"Italy","Madagascar",0.00,134.914
"Italy","Malaysia",0.00,9696.043
"Italy","Malta",0.00,5280.544
"Italy","Mauritania",0.00,73.592
"Italy","Mauritius",0.00,215.693
"Italy","Mexico",0.00,4618.576
"Italy","Morocco",0.00,11532.33
"Italy","Mozambique",0.00,13.71
"Italy","Namibia",0.00,230.625
"Italy","Netherlands",0.02,292486.9
"Italy","Nigeria",0.00,3703.347
"Italy","Norway",0.01,126612.1
"Italy","Oman",0.00,623.786
"Italy","Pakistan",0.00,34893.36
"Italy","Peru",0.00,1895.907
"Italy","Philippines",0.00,45900.5
"Italy","Poland",0.00,41296.35
"Italy","Portugal",0.00,28219.84
"Italy","SaudiArabia",0.00,11819.98
"Italy","Singapore",0.00,40638.33
"Italy","Slovenia",0.00,27794.84
"Italy","SouthAfrica",0.05,602951.6
"Italy","Spain",0.01,194353.4
"Italy","Sudan2011",0.00,31.032
"Italy","Swaziland",0.00,60.763
"Italy","Sweden",0.01,188856.5
"Italy","Switzerland",0.01,102299
"Italy","SyrianArabRepublic",0.00,1620.791
"Italy","TFYRofMacedonia",0.00,7194.768
"Italy","Tajikistan",0.00,6.021
"Italy","Thailand",0.00,22620.17
"Italy","TrinidadandTobago",0.00,204.328
"Italy","Tunisia",0.00,14240.61
"Italy","Turkey",0.01,109219.6
"Italy","UnitedArabEmirates",0.00,25277.19
"Italy","UnitedKingdom",0.01,157639
"Italy","UnitedStates",0.03,348766.5
"Italy","Uruguay",0.00,4071.3
"Italy","Uzbekistan",0.00,9.987
"Italy","Zambia",0.00,124.598
"Italy","Zimbabwe",0.00,197.996
"Jamaica","UnitedStates",0.01,76868.95
"Japan","Jordan",0.00,2675.575
"Japan","Kenya",0.00,5585.779
"Japan","Kiribati",0.00,29.658
"Japan","KoreaDemPeoples",0.00,52550.98
"Japan","KoreaRepublicof",0.06,756917.1
"Japan","Kuwait",0.00,6856.738
"Japan","LaoPeoplesDemRep",0.00,1305.652
"Japan","Liberia",0.00,116.616
"Japan","Madagascar",0.00,122.487
"Japan","Malawi",0.00,75.524
"Japan","Malaysia",0.02,286901.4
"Japan","Maldives",0.00,198.007
"Japan","Malta",0.00,1565.549
"Japan","Mexico",0.00,52078.48
"Japan","MicronesiaFedSts",0.00,899.411
"Japan","Morocco",0.00,1029.008
"Japan","Myanmar",0.00,592.642
"Japan","Namibia",0.00,60.662
"Japan","Nepal",0.00,1668.475
"Japan","Netherlands",0.01,164439.3
"Japan","NewCaledonia",0.00,2268.004
"Japan","Nigeria",0.00,2982.949
"Japan","NorthernMarianas",0.02,214163.3
"Japan","Norway",0.00,39009.47
"Japan","Oman",0.00,1914.223
"Japan","Pakistan",0.00,4994.272
"Japan","Palau",0.00,101.915
"Japan","Panama",0.00,29603.1
"Japan","PapuaNewGuinea",0.00,129.872
"Japan","Peru",0.00,1172.221
"Japan","Philippines",0.07,899880.6
"Japan","Poland",0.00,3140.633
"Japan","Qatar",0.00,1841.316
"Japan","Samoa",0.00,6.386
"Japan","SaudiArabia",0.00,31059.46
"Japan","Senegal",0.00,205.252
"Japan","Seychelles",0.00,96.478
"Japan","Singapore",0.09,1164731
"Japan","SolomonIslands",0.00,166.049
"Japan","SouthAfrica",0.00,26665.95
"Japan","Spain",0.00,32247.48
"Japan","SriLanka",0.00,16345.75
"Japan","Suriname",0.00,2146.739
"Japan","Swaziland",0.00,85.25999
"Japan","Sweden",0.02,206215.9
"Japan","Switzerland",0.01,187104.1
"Japan","SyrianArabRepublic",0.00,611.651
"Japan","Tajikistan",0.00,15.512
"Japan","Thailand",0.02,260527.5
"Japan","Tonga",0.00,36.654
"Japan","TrinidadandTobago",0.00,20.119
"Japan","Tunisia",0.00,557.299
"Japan","Turkey",0.00,5958.367
"Japan","Uganda",0.00,65.622
"Japan","UnitedArabEmirates",0.00,35019.89
"Japan","UnitedKingdom",0.02,311040.1
"Japan","UnitedStates",0.33,4412239
"Japan","Uzbekistan",0.01,175662.5
"Japan","Vanuatu",0.00,63.939
"Japan","Venezuela",0.00,2153.498
"Japan","VietNam",0.01,67110.95
"Japan","Yemen",0.00,209.055
"Japan","Zambia",0.00,228.215
"Japan","Zimbabwe",0.00,178.521
"Jordan","Malaysia",0.00,2166.163
"Jordan","Netherlands",0.00,566.722
"Jordan","Oman",0.00,328.475
"Jordan","Pakistan",0.00,127.841
"Jordan","Poland",0.00,977.847
"Jordan","SaudiArabia",0.00,923.751
"Jordan","Singapore",0.00,1614.338
"Jordan","Spain",0.00,796.6151
"Jordan","Thailand",0.00,43.693
"Jordan","Tunisia",0.00,3.771
"Jordan","UnitedKingdom",0.00,3324.516
"Jordan","UnitedStates",0.00,23740.48
"Kazakhstan","UnitedKingdom",0.00,1594.512
"Kenya","Madagascar",0.00,35.129
"Kenya","Malaysia",0.00,187.512
"Kenya","Namibia",0.00,65.662
"Kenya","Netherlands",0.00,1019.941
"Kenya","Norway",0.00,1399.997
"Kenya","Oman",0.00,160.592
"Kenya","Pakistan",0.00,43.616
"Kenya","Philippines",0.00,3.959
"Kenya","Poland",0.00,446.502
"Kenya","Singapore",0.00,143.637
"Kenya","SouthAfrica",0.00,542.755
"Kenya","Spain",0.00,853.651
"Kenya","Swaziland",0.00,5.862
"Kenya","Switzerland",0.00,142.192
"Kenya","TanzaniaUnitedRepublic",0.00,138.097
"Kenya","Thailand",0.00,90.156
"Kenya","UnitedKingdom",0.00,3741.457
"Kenya","UnitedStates",0.00,9210.441
"Kiribati","Malaysia",0.00,17.972
"Kiribati","MarshallIslands",0.00,6.822
"Kiribati","Nauru",0.00,4.849
"Kiribati","Samoa",0.00,2.305
"Kiribati","Tuvalu",0.00,43.407
"Kiribati","UnitedKingdom",0.00,28.698
"Kiribati","UnitedStates",0.00,939.938
"KoreaDemPeoples","Malaysia",0.00,52.997
"KoreaDemPeoples","Poland",0.00,4192.373
"KoreaRepublicof","Libya",0.00,1.114
"KoreaRepublicof","Malaysia",0.02,326102.5
"KoreaRepublicof","Mexico",0.00,174.018
"KoreaRepublicof","Nicaragua",0.00,.77
"KoreaRepublicof","Nigeria",0.00,9.738
"KoreaRepublicof","Norway",0.00,7713.042
"KoreaRepublicof","Oman",0.00,20.664
"KoreaRepublicof","Panama",0.00,1.891
"KoreaRepublicof","Paraguay",0.00,1.443
"KoreaRepublicof","Philippines",0.01,74062.77
"KoreaRepublicof","Poland",0.00,900.029
"KoreaRepublicof","Portugal",0.00,118.022
"KoreaRepublicof","SaudiArabia",0.00,29.836
"KoreaRepublicof","Singapore",0.07,895746.8
"KoreaRepublicof","Slovenia",0.00,273.011
"KoreaRepublicof","SouthAfrica",0.00,27618.21
"KoreaRepublicof","Spain",0.00,1704.715
"KoreaRepublicof","Sudan2011",0.00,2.829
"KoreaRepublicof","Swaziland",0.00,3593.937
"KoreaRepublicof","Switzerland",0.01,87709.05
"KoreaRepublicof","SyrianArabRepublic",0.00,1.503
"KoreaRepublicof","Thailand",0.00,20248.68
"KoreaRepublicof","Tunisia",0.00,.861
"KoreaRepublicof","UnitedArabEmirates",0.00,36.877
"KoreaRepublicof","UnitedKingdom",0.00,3538.566
"KoreaRepublicof","UnitedStates",0.03,451355
"KoreaRepublicof","Uzbekistan",0.00,4.02
"KoreaRepublicof","Venezuela",0.00,1.951
"KoreaRepublicof","VietNam",0.00,380.107
"KoreaRepublicof","Yemen",0.00,.665
"Kuwait","Malaysia",0.00,1186.901
"Kuwait","Netherlands",0.00,128.795
"Kuwait","Oman",0.00,174.816
"Kuwait","Pakistan",0.00,135.512
"Kuwait","SaudiArabia",0.00,12937.49
"Kuwait","Singapore",0.00,2739.43
"Kuwait","Spain",0.00,14.775
"Kuwait","Thailand",0.00,156.218
"Kuwait","Tunisia",0.00,.393
"Kuwait","UnitedKingdom",0.00,7841.443
"Kuwait","UnitedStates",0.01,146386.2
"Kyrgyzstan","Poland",0.00,602.758
"Kyrgyzstan","Turkmenistan",0.00,76.733
"Kyrgyzstan","UnitedStates",0.00,642.635
"Kyrgyzstan","Uzbekistan",0.00,1099.655
"LaoPeoplesDemRep","Malaysia",0.00,15.49
"LaoPeoplesDemRep","Poland",0.00,35.585
"LaoPeoplesDemRep","Thailand",0.00,7124.895
"LaoPeoplesDemRep","UnitedStates",0.00,85.773
"Latvia","Lithuania",0.00,31.8
"Latvia","Poland",0.00,10318.28
"Latvia","Sweden",0.00,14464.76
"Latvia","Ukraine",0.00,20.357
"Latvia","UnitedKingdom",0.00,498.518
"Latvia","UnitedStates",0.00,4650.746
"Lebanon","Qatar",0.00,165.839
"Lebanon","Switzerland",0.00,13059
"Lesotho","Netherlands",0.00,1.673
"Lesotho","Singapore",0.00,18.273
"Lesotho","SouthAfrica",0.00,21999.97
"Lesotho","Spain",0.00,6.292
"Lesotho","Thailand",0.00,.103
"Lesotho","UnitedKingdom",0.00,38.154
"Lesotho","UnitedStates",0.00,180.464
"Lesotho","Zambia",0.00,6.293
"Liberia","Malaysia",0.00,197.189
"Liberia","Singapore",0.02,230777.3
"Liberia","Spain",0.00,7.608
"Liberia","UnitedKingdom",0.00,183.11
"Liberia","UnitedStates",0.00,3839.534
"Libya","Malaysia",0.00,22.899
"Libya","Netherlands",0.00,80.961
"Libya","Poland",0.00,645.336
"Libya","SerbiaandMontenegro",0.00,884.897
"Libya","Tunisia",0.00,27.295
"Libya","UnitedKingdom",0.00,1173.533
"Lithuania","Poland",0.00,20931
"Lithuania","SouthAfrica",0.00,56.133
"Lithuania","UnitedKingdom",0.00,396.104
"Lithuania","UnitedStates",0.00,4019.242
"Luxembourg","Netherlands",0.00,411.815
"Luxembourg","Norway",0.00,1816.98
"Luxembourg","Pakistan",0.00,.145
"Luxembourg","Poland",0.00,446.18
"Luxembourg","Spain",0.00,522.285
"Luxembourg","Switzerland",0.00,1397.038
"Luxembourg","Tunisia",0.00,.102
"Luxembourg","UnitedKingdom",0.00,386.224
"Madagascar","Malaysia",0.00,42.601
"Madagascar","Mali",0.00,33.171
"Madagascar","Mauritius",0.00,79.389
"Madagascar","Morocco",0.00,130.08
"Madagascar","Namibia",0.00,1.895
"Madagascar","Netherlands",0.00,135.519
"Madagascar","Norway",0.00,132.482
"Madagascar","Poland",0.00,317.863
"Madagascar","SouthAfrica",0.00,111.744
"Madagascar","Swaziland",0.00,.742
"Madagascar","Sweden",0.00,4562.992
"Madagascar","Tunisia",0.00,1.494
"Madagascar","UnitedStates",0.00,1510.889
"Malawi","Malaysia",0.00,16.431
"Malawi","Mozambique",0.00,71.402
"Malawi","Spain",0.00,17.606
"Malawi","TanzaniaUnitedRepublic",0.00,6.815
"Malawi","Thailand",0.00,281.675
"Malawi","UnitedKingdom",0.00,955.285
"Malawi","UnitedStates",0.00,3465.722
"Malawi","Zimbabwe",0.00,116.461
"Malaysia","Maldives",0.00,1036.527
"Malaysia","Malta",0.00,296.375
"Malaysia","MarshallIslands",0.00,16.425
"Malaysia","Mauritania",0.00,10.431
"Malaysia","Mexico",0.00,509.979
"Malaysia","MicronesiaFedSts",0.00,3.592
"Malaysia","Morocco",0.00,129.566
"Malaysia","Mozambique",0.00,7.767
"Malaysia","Myanmar",0.00,1281.813
"Malaysia","Namibia",0.00,34.051
"Malaysia","Nauru",0.00,15.376
"Malaysia","Netherlands",0.00,40957.32
"Malaysia","Nicaragua",0.00,17.736
"Malaysia","Niger",0.00,43.013
"Malaysia","Nigeria",0.00,214.165
"Malaysia","Niue",0.00,2.664
"Malaysia","NorthernMarianas",0.00,205.536
"Malaysia","Norway",0.00,20515.66
"Malaysia","Oman",0.00,322.186
"Malaysia","Pakistan",0.00,982.929
"Malaysia","Panama",0.00,3482.777
"Malaysia","PapuaNewGuinea",0.00,5473.778
"Malaysia","Paraguay",0.00,32.73
"Malaysia","Philippines",0.02,211304.3
"Malaysia","Poland",0.00,1520.503
"Malaysia","Portugal",0.00,461.744
"Malaysia","Qatar",0.00,157.994
"Malaysia","RepublicofMoldova",0.00,66.514
"Malaysia","SaintHelena",0.00,15.793
"Malaysia","SaintKittsandNevis",0.00,18.958
"Malaysia","SaintPierreandMiquelon",0.00,6.679
"Malaysia","Samoa",0.00,10.527
"Malaysia","SaudiArabia",0.00,3658.961
"Malaysia","Senegal",0.00,35.443
"Malaysia","Seychelles",0.00,45.986
"Malaysia","SierraLeone",0.00,59.014
"Malaysia","Singapore",0.05,611452.7
"Malaysia","SolomonIslands",0.00,90.506
"Malaysia","SouthAfrica",0.00,2796.348
"Malaysia","Spain",0.00,7908.901
"Malaysia","SriLanka",0.00,2451.966
"Malaysia","Sudan2011",0.00,32.073
"Malaysia","Swaziland",0.00,99.898
"Malaysia","Sweden",0.00,40688.86
"Malaysia","Switzerland",0.00,1919.291
"Malaysia","SyrianArabRepublic",0.00,31.293
"Malaysia","Tajikistan",0.00,12.584
"Malaysia","Thailand",0.00,53348.27
"Malaysia","Togo",0.00,7.431
"Malaysia","Tonga",0.00,9.853
"Malaysia","TrinidadandTobago",0.00,45.351
"Malaysia","Tunisia",0.00,31.996
"Malaysia","Turkey",0.00,331.695
"Malaysia","Uganda",0.00,20.829
"Malaysia","UnitedArabEmirates",0.00,6882.688
"Malaysia","UnitedKingdom",0.00,42275.77
"Malaysia","UnitedStates",0.02,322769.8
"Malaysia","Uzbekistan",0.00,742.556
"Malaysia","Venezuela",0.00,73.923
"Malaysia","VietNam",0.00,2658.471
"Malaysia","Yemen",0.00,36.032
"Malaysia","Zimbabwe",0.00,35.31
"Maldives","Singapore",0.00,6949.438
"Maldives","UnitedStates",0.00,57.091
"Mali","Netherlands",0.00,342.489
"Mali","Norway",0.00,497.82
"Mali","Senegal",0.00,469.759
"Mali","Spain",0.00,374.668
"Mali","UnitedStates",0.00,603.474
"Malta","Netherlands",0.00,151.578
"Malta","Pakistan",0.00,81.837
"Malta","Poland",0.00,997.539
"Malta","Singapore",0.00,56774.78
"Malta","Switzerland",0.00,104.42
"Malta","Thailand",0.00,14.26
"Malta","Tunisia",0.00,4.094
"Malta","UnitedKingdom",0.00,8009.588
"Malta","UnitedStates",0.00,3575.369
"MarshallIslands","UnitedStates",0.00,9183.519
"Mauritania","Netherlands",0.00,313.936
"Mauritania","Senegal",0.00,65.596
"Mauritania","Spain",0.00,1338.622
"Mauritania","Tunisia",0.00,1.061
"Mauritania","UnitedStates",0.00,530.139
"Mauritius","UnitedKingdom",0.00,1358.88
"Mauritius","UnitedStates",0.00,841.526
"Mexico","Namibia",0.00,6.365
"Mexico","Netherlands",0.00,707.716
"Mexico","Nicaragua",0.00,104.812
"Mexico","Norway",0.00,2104.568
"Mexico","Panama",0.00,219.192
"Mexico","Paraguay",0.00,9.357
"Mexico","Peru",0.00,460.009
"Mexico","Philippines",0.00,7194.402
"Mexico","SaudiArabia",0.00,12.153
"Mexico","Singapore",0.00,762.28
"Mexico","SouthAfrica",0.00,780.997
"Mexico","Spain",0.00,13346.09
"Mexico","Swaziland",0.00,.995
"Mexico","Sweden",0.00,10949.87
"Mexico","Thailand",0.00,182.666
"Mexico","TrinidadandTobago",0.00,34.004
"Mexico","UnitedKingdom",0.00,1988.247
"Mexico","UnitedStates",0.16,2095025
"Mexico","Uruguay",0.00,168.66
"Mexico","Venezuela",0.00,3915.419
"MicronesiaFedSts","UnitedStates",0.00,3448.523
"Montserrat","UnitedKingdom",0.00,125.676
"Montserrat","UnitedStates",0.00,1131.643
"Morocco","Netherlands",0.00,132.923
"Morocco","Norway",0.00,11411.08
"Morocco","Oman",0.00,159.823
"Morocco","Poland",0.00,1839.024
"Morocco","Singapore",0.00,618.602
"Morocco","Spain",0.00,16513.79
"Morocco","Thailand",0.00,14.856
"Morocco","Tunisia",0.00,10.136
"Morocco","UnitedKingdom",0.00,791.965
"Morocco","UnitedStates",0.00,7464.642
"Mozambique","Namibia",0.00,75.19701
"Mozambique","Philippines",0.00,17.141
"Mozambique","Portugal",0.00,30.393
"Mozambique","Singapore",0.00,2.425
"Mozambique","SouthAfrica",0.00,30450.53
"Mozambique","Spain",0.00,2539.748
"Mozambique","Swaziland",0.00,199.812
"Mozambique","Sweden",0.00,472.505
"Mozambique","TanzaniaUnitedRepublic",0.00,19.21
"Mozambique","Tunisia",0.00,.165
"Mozambique","UnitedKingdom",0.00,349.028
"Mozambique","UnitedStates",0.00,1701.325
"Mozambique","Zimbabwe",0.00,1360.266
"Myanmar","SerbiaandMontenegro",0.00,213
"Myanmar","Singapore",0.00,6968.325
"Myanmar","Thailand",0.00,32207.63
"Myanmar","UnitedKingdom",0.00,421.128
"Myanmar","UnitedStates",0.00,486.599
"Namibia","Netherlands",0.00,30.973
"Namibia","Norway",0.00,390.917
"Namibia","Oman",0.00,2.666
"Namibia","Philippines",0.00,25.608
"Namibia","Poland",0.00,40.805
"Namibia","Singapore",0.00,20.253
"Namibia","SouthAfrica",0.00,15024.32
"Namibia","Spain",0.00,184.539
"Namibia","Swaziland",0.00,1.381
"Namibia","Sweden",0.00,253.797
"Namibia","Switzerland",0.00,8.954
"Namibia","Thailand",0.00,1.572
"Namibia","UnitedKingdom",0.00,53700.93
"Namibia","UnitedStates",0.00,5800.53
"Namibia","Zambia",0.00,44.386
"Namibia","Zimbabwe",0.00,136.165
"Nauru","UnitedKingdom",0.00,704.849
"Nepal","Netherlands",0.00,12.549
"Nepal","Pakistan",0.00,2.464
"Nepal","Spain",0.00,1046.045
"Nepal","Sweden",0.00,1.843
"Nepal","UnitedKingdom",0.00,181.767
"Nepal","UnitedStates",0.00,945.345
"NetherlandsAntilles","Netherlands",0.00,9382.854
"NetherlandsAntilles","Singapore",0.00,1377.878
"NetherlandsAntilles","Spain",0.00,38.013
"NetherlandsAntilles","Tunisia",0.00,.558
"NetherlandsAntilles","UnitedKingdom",0.00,237.132
"NetherlandsAntilles","UnitedStates",0.01,94300.88
"Netherlands","Nigeria",0.00,652.357
"Netherlands","Norway",0.01,146774.2
"Netherlands","Oman",0.00,1813.935
"Netherlands","Pakistan",0.00,740.489
"Netherlands","Paraguay",0.00,5.984
"Netherlands","Peru",0.00,1075.567
"Netherlands","Philippines",0.00,36534.2
"Netherlands","Poland",0.00,46055.86
"Netherlands","RepublicofMoldova",0.00,179.629
"Netherlands","SaudiArabia",0.00,288.98
"Netherlands","SerbiaandMontenegro",0.00,1238.707
"Netherlands","Singapore",0.01,121558.1
"Netherlands","Slovakia",0.00,183.224
"Netherlands","Slovenia",0.00,3750.046
"Netherlands","SouthAfrica",0.00,22408.66
"Netherlands","Spain",0.00,20365.95
"Netherlands","SriLanka",0.00,2220.137
"Netherlands","Suriname",0.00,7930.632
"Netherlands","Swaziland",0.00,3.935
"Netherlands","Sweden",0.03,369115.5
"Netherlands","Switzerland",0.00,4273.823
"Netherlands","Thailand",0.00,49941.39
"Netherlands","Togo",0.00,309.755
"Netherlands","TrinidadandTobago",0.00,94.006
"Netherlands","Tunisia",0.00,207.764
"Netherlands","Uganda",0.00,214.467
"Netherlands","UnitedArabEmirates",0.00,1790.979
"Netherlands","UnitedKingdom",0.01,74326.06
"Netherlands","UnitedStates",0.06,777904.6
"Netherlands","Venezuela",0.00,108.381
"Netherlands","VietNam",0.00,300.988
"Netherlands","Yemen",0.00,46.555
"Netherlands","Zambia",0.00,733.802
"Netherlands","Zimbabwe",0.00,360.203
"NewCaledonia","Singapore",0.00,41.824
"NewCaledonia","UnitedStates",0.00,4256.979
"Nicaragua","Poland",0.00,243.783
"Nicaragua","Spain",0.00,82.147
"Nicaragua","Sweden",0.00,416.823
"Nicaragua","Thailand",0.00,18.112
"Nicaragua","UnitedStates",0.00,25298.31
"Niger","UnitedStates",0.00,1026.242
"Nigeria","Pakistan",0.00,30.603
"Nigeria","Poland",0.00,1659.068
"Nigeria","Singapore",0.00,100.334
"Nigeria","Spain",0.00,300.694
"Nigeria","Sweden",0.00,1399.184
"Nigeria","Thailand",0.00,31.591
"Nigeria","Tunisia",0.00,.336
"Nigeria","UnitedKingdom",0.00,15354.19
"Nigeria","UnitedStates",0.00,10244.98
"Norway","Oman",0.00,674.522
"Norway","Pakistan",0.00,12548.41
"Norway","Peru",0.00,986.538
"Norway","Philippines",0.00,4677.282
"Norway","Poland",0.00,33305
"Norway","Portugal",0.00,29539.48
"Norway","SaudiArabia",0.00,7713.986
"Norway","Singapore",0.01,101756.7
"Norway","Slovakia",0.00,3576.103
"Norway","Slovenia",0.00,1109.584
"Norway","SouthAfrica",0.00,5436.125
"Norway","Spain",0.01,93421.45
"Norway","SriLanka",0.00,2015.529
"Norway","Swaziland",0.00,1.629
"Norway","Sweden",0.06,798472
"Norway","Switzerland",0.00,23497.34
"Norway","Thailand",0.00,64492.95
"Norway","TrinidadandTobago",0.00,831.274
"Norway","Tunisia",0.00,4288.048
"Norway","Turkey",0.00,13045.39
"Norway","UnitedKingdom",0.05,634482.1
"Norway","UnitedStates",0.02,198809.8
"Norway","Venezuela",0.00,9510.747
"Norway","VietNam",0.00,531.829
"Norway","Zimbabwe",0.00,942.033
"Oman","Pakistan",0.00,552.181
"Oman","Philippines",0.00,1500.552
"Oman","Poland",0.00,41.595
"Oman","Qatar",0.00,110.004
"Oman","SaudiArabia",0.00,243.174
"Oman","Singapore",0.00,4673.309
"Oman","SouthAfrica",0.00,1605.989
"Oman","Spain",0.00,29.372
"Oman","SriLanka",0.00,3014.19
"Oman","Sweden",0.00,3758.566
"Oman","SyrianArabRepublic",0.00,91.383
"Oman","Thailand",0.00,119.215
"Oman","Tunisia",0.00,1348.024
"Oman","UnitedArabEmirates",0.01,154141.8
"Oman","UnitedKingdom",0.00,12708.24
"Oman","UnitedStates",0.00,14311.23
"Oman","Yemen",0.00,16.257
"Pakistan","Panama",0.00,142.715
"Pakistan","Philippines",0.00,793.269
"Pakistan","Poland",0.00,731.516
"Pakistan","Qatar",0.00,227.378
"Pakistan","SaudiArabia",0.00,932.604
"Pakistan","Singapore",0.00,8008.215
"Pakistan","Slovenia",0.00,10.282
"Pakistan","SouthAfrica",0.00,429.94
"Pakistan","Spain",0.00,6930.663
"Pakistan","SriLanka",0.00,42.433
"Pakistan","Sweden",0.00,12489.69
"Pakistan","Thailand",0.00,137.79
"Pakistan","Ukraine",0.00,152.556
"Pakistan","UnitedArabEmirates",0.00,28866.86
"Pakistan","UnitedKingdom",0.00,6366.611
"Pakistan","UnitedStates",0.00,18416.35
"Pakistan","VietNam",0.00,16.848
"Pakistan","Yemen",0.00,2.339
"Pakistan","Zimbabwe",0.00,24.535
"Palau","Philippines",0.00,672.803
"Palau","UnitedStates",0.00,1223.529
"Panama","Philippines",0.00,13759.8
"Panama","Poland",0.00,937.517
"Panama","Singapore",0.02,313217.1
"Panama","Spain",0.00,139.231
"Panama","Sweden",0.00,823.371
"Panama","Thailand",0.00,236.54
"Panama","UnitedKingdom",0.00,131.068
"Panama","UnitedStates",0.01,70298.21
"PapuaNewGuinea","Philippines",0.00,737.588
"PapuaNewGuinea","Singapore",0.00,11180.11
"PapuaNewGuinea","Thailand",0.00,36.149
"PapuaNewGuinea","UnitedKingdom",0.00,846.988
"PapuaNewGuinea","UnitedStates",0.00,3183.161
"Paraguay","Poland",0.00,269.772
"Paraguay","Tunisia",0.00,1.161
"Paraguay","UnitedKingdom",0.00,573.014
"Paraguay","UnitedStates",0.00,17749.8
"Peru","Philippines",0.00,127.333
"Peru","Sweden",0.00,24233.46
"Peru","UnitedKingdom",0.02,263268.9
"Peru","UnitedStates",0.01,74117.95
"Philippines","Poland",0.00,789.176
"Philippines","SaudiArabia",0.00,18063.34
"Philippines","Singapore",0.04,518727.9
"Philippines","SolomonIslands",0.00,12.001
"Philippines","SouthAfrica",0.00,2187.838
"Philippines","Spain",0.00,11314.46
"Philippines","SriLanka",0.00,3068.679
"Philippines","Swaziland",0.00,28.49
"Philippines","Sweden",0.00,12397.68
"Philippines","Switzerland",0.00,14016.1
"Philippines","Thailand",0.05,601377.7
"Philippines","Ukraine",0.00,185.175
"Philippines","UnitedArabEmirates",0.00,24833.3
"Philippines","UnitedKingdom",0.05,629014.1
"Philippines","UnitedStates",0.23,3040654
"Philippines","VietNam",0.00,8640.343
"Philippines","Zambia",0.00,18.704
"Poland","RepublicofMoldova",0.00,4021.975
"Poland","Rwanda",0.00,30.288
"Poland","SaudiArabia",0.00,1390.827
"Poland","Senegal",0.00,183.325
"Poland","SerbiaandMontenegro",0.00,425
"Poland","SierraLeone",0.00,638.167
"Poland","Singapore",0.00,6185.251
"Poland","Slovakia",0.00,16282.01
"Poland","Slovenia",0.00,3532.886
"Poland","SouthAfrica",0.00,1638.395
"Poland","Spain",0.00,6975.378
"Poland","Sudan2011",0.00,508.993
"Poland","Suriname",0.00,515.338
"Poland","Sweden",0.01,76302.64
"Poland","Switzerland",0.00,11150.89
"Poland","SyrianArabRepublic",0.00,1597.235
"Poland","Tajikistan",0.00,454.862
"Poland","Thailand",0.00,1355.139
"Poland","Togo",0.00,137.5
"Poland","Tunisia",0.00,753.601
"Poland","Turkey",0.00,2774.763
"Poland","Turkmenistan",0.00,210.993
"Poland","Ukraine",0.00,30437.99
"Poland","UnitedArabEmirates",0.00,2978.331
"Poland","UnitedKingdom",0.00,17317.92
"Poland","UnitedStates",0.01,67739.98
"Poland","Uruguay",0.00,765.733
"Poland","Uzbekistan",0.00,1921.348
"Poland","Venezuela",0.00,480.967
"Poland","VietNam",0.00,297
"Poland","Yemen",0.00,226.474
"Poland","Zambia",0.00,137.491
"Poland","Zimbabwe",0.00,311.11
"Portugal","SaudiArabia",0.00,.007
"Portugal","Singapore",0.00,1553.904
"Portugal","Spain",0.01,105931.8
"Portugal","Swaziland",0.00,2.049
"Portugal","Sweden",0.00,55570.04
"Portugal","UnitedKingdom",0.00,133.017
"Portugal","UnitedStates",0.00,27497.23
"Qatar","SaudiArabia",0.00,185.026
"Qatar","Singapore",0.00,1820.689
"Qatar","Tunisia",0.00,.433
"Qatar","UnitedArabEmirates",0.00,4317.389
"Qatar","UnitedKingdom",0.00,4759.148
"Qatar","UnitedStates",0.00,19609.59
"RepublicofMoldova","UnitedStates",0.00,2377.129
"Romania","UnitedKingdom",0.00,2658.388
"RussianFederation","Ukraine",0.00,251
"Rwanda","UnitedStates",0.00,2045.585
"SaintKittsandNevis","UnitedKingdom",0.00,709.979
"SaintKittsandNevis","UnitedStates",0.00,6628.712
"SaintLucia","UnitedKingdom",0.00,331.706
"SaintLucia","UnitedStates",0.00,19623.48
"SaintPierreandMiquelon","UnitedStates",0.00,53.066
"SaintVincentandGrenadines","UnitedKingdom",0.00,320.045
"SaintVincentandGrenadines","UnitedStates",0.00,6149.109
"Samoa","UnitedStates",0.00,733.614
"SaoTomeandPricipe","UnitedStates",0.00,128.152
"SaudiArabia","Singapore",0.00,8763.615
"SaudiArabia","Spain",0.00,1055.447
"SaudiArabia","Sudan2011",0.00,19.924
"SaudiArabia","Sweden",0.00,28232.91
"SaudiArabia","Thailand",0.00,833.902
"SaudiArabia","Tunisia",0.00,6.227
"SaudiArabia","UnitedArabEmirates",0.00,2101.589
"SaudiArabia","UnitedKingdom",0.00,4774.731
"SaudiArabia","UnitedStates",0.04,481147.1
"SaudiArabia","Yemen",0.00,248.399
"Senegal","Spain",0.00,313.511
"Senegal","Thailand",0.00,27.579
"Senegal","Tunisia",0.00,1.777
"Senegal","UnitedKingdom",0.00,215.73
"Senegal","UnitedStates",0.00,3043.16
"SerbiaandMontenegro","Slovenia",0.00,440.875
"SerbiaandMontenegro","Sweden",0.00,513.506
"SerbiaandMontenegro","TFYRofMacedonia",0.00,7012.659
"SerbiaandMontenegro","Tunisia",0.00,2.001
"SerbiaandMontenegro","UnitedArabEmirates",0.00,21.529
"SerbiaandMontenegro","UnitedStates",0.00,2242.539
"Seychelles","Singapore",0.00,1752.919
"Seychelles","UnitedKingdom",0.00,669.698
"Seychelles","UnitedStates",0.00,960.327
"SierraLeone","Spain",0.00,8.433001
"SierraLeone","UnitedKingdom",0.00,199.248
"SierraLeone","UnitedStates",0.00,1067.124
"Singapore","SolomonIslands",0.00,18.012
"Singapore","SouthAfrica",0.00,3829.33
"Singapore","Spain",0.00,1868.14
"Singapore","SriLanka",0.00,13062.86
"Singapore","Sudan2011",0.00,431.012
"Singapore","Swaziland",0.00,71.068
"Singapore","Sweden",0.00,42429.15
"Singapore","Switzerland",0.00,28129.35
"Singapore","SyrianArabRepublic",0.00,816.506
"Singapore","Thailand",0.02,215327.6
"Singapore","TrinidadandTobago",0.00,79.337
"Singapore","Tunisia",0.00,13.134
"Singapore","Turkey",0.00,16138.13
"Singapore","UnitedArabEmirates",0.00,18437.62
"Singapore","UnitedKingdom",0.01,94244.45
"Singapore","UnitedStates",0.05,599336.6
"Singapore","Vanuatu",0.00,7053.098
"Singapore","Venezuela",0.00,144.044
"Singapore","VietNam",0.00,23468.75
"Singapore","Yemen",0.00,26.822
"Singapore","Zimbabwe",0.00,80.274
"Slovakia","Slovenia",0.00,57.303
"Slovenia","SouthAfrica",0.00,29.996
"Slovenia","Spain",0.00,280.415
"Slovenia","Sweden",0.00,9340.393
"Slovenia","Switzerland",0.00,31.834
"Slovenia","TFYRofMacedonia",0.00,321.908
"Slovenia","Turkey",0.00,67.812
"Slovenia","UnitedKingdom",0.00,535.736
"Slovenia","UnitedStates",0.00,5329.16
"SolomonIslands","UnitedKingdom",0.00,54.221
"SolomonIslands","UnitedStates",0.00,646.357
"Somalia","UnitedStates",0.00,150.965
"SouthAfrica","Spain",0.00,6294.776
"SouthAfrica","Swaziland",0.00,649.284
"SouthAfrica","Sweden",0.00,45877.95
"SouthAfrica","Switzerland",0.00,2022.962
"SouthAfrica","Thailand",0.00,24947.2
"SouthAfrica","Tunisia",0.00,6.941
"SouthAfrica","Turkey",0.00,45694.5
"SouthAfrica","UnitedKingdom",0.02,317939.2
"SouthAfrica","UnitedStates",0.02,205837.8
"SouthAfrica","Zambia",0.00,3881.322
"SouthAfrica","Zimbabwe",0.00,2025.962
"Spain","SriLanka",0.00,17.191
"Spain","Swaziland",0.00,10.593
"Spain","Sweden",0.01,133349.7
"Spain","Switzerland",0.00,5541.175
"Spain","SyrianArabRepublic",0.00,2050.81
"Spain","Thailand",0.00,6449.591
"Spain","Tunisia",0.00,6278.468
"Spain","UnitedArabEmirates",0.00,513.146
"Spain","UnitedKingdom",0.02,233230.5
"Spain","UnitedStates",0.01,197606.9
"Spain","Uruguay",0.00,5706.611
"Spain","Venezuela",0.00,2703.74
"Spain","VietNam",0.00,12.81
"SriLanka","Thailand",0.00,520.297
"SriLanka","UnitedKingdom",0.00,7298.691
"SriLanka","UnitedStates",0.00,10009.83
"Sudan2011","Thailand",0.00,3.381
"Sudan2011","UnitedKingdom",0.00,9332.201
"Sudan2011","UnitedStates",0.00,720.497
"Suriname","Thailand",0.00,4.257
"Suriname","UnitedKingdom",0.00,171.579
"Suriname","UnitedStates",0.00,39593.75
"Swaziland","Sweden",0.00,131.242
"Swaziland","Thailand",0.00,111.765
"Swaziland","UnitedKingdom",0.00,146.475
"Swaziland","UnitedStates",0.00,1132.29
"Swaziland","Zambia",0.00,21.057
"Swaziland","Zimbabwe",0.00,375.407
"Sweden","Switzerland",0.01,181918.8
"Sweden","Thailand",0.00,37302.18
"Sweden","TrinidadandTobago",0.00,1429.524
"Sweden","Tunisia",0.00,6282.674
"Sweden","Turkey",0.00,57844.2
"Sweden","UnitedArabEmirates",0.00,19602.81
"Sweden","UnitedKingdom",0.05,619286.1
"Sweden","UnitedStates",0.04,554955.3
"Sweden","Venezuela",0.00,4007.49
"Sweden","VietNam",0.00,6732.751
"Sweden","Zimbabwe",0.00,5476.102
"Switzerland","Turkey",0.00,61.391
"Switzerland","UnitedKingdom",0.00,27532.4
"Switzerland","UnitedStates",0.16,2090440
"Switzerland","Zimbabwe",0.00,80.642
"SyrianArabRepublic","Tunisia",0.00,5.473
"SyrianArabRepublic","UnitedKingdom",0.00,2138.487
"SyrianArabRepublic","UnitedStates",0.00,1632.776
"TFYRofMacedonia","UnitedStates",0.00,1013.655
"Tajikistan","UnitedStates",0.00,2142.257
"TanzaniaUnitedRepublic","UnitedStates",0.00,4094.664
"TanzaniaUnitedRepublic","Zambia",0.00,20.003
"Thailand","Uganda",0.00,9.273999
"Thailand","Ukraine",0.00,32.148
"Thailand","UnitedArabEmirates",0.00,8270.545
"Thailand","UnitedKingdom",0.00,30000.77
"Thailand","UnitedStates",0.02,221063.5
"Thailand","VietNam",0.00,3670.923
"Thailand","Zimbabwe",0.00,86.052
"Togo","UnitedStates",0.00,2579.144
"Tonga","UnitedStates",0.00,3331.112
"TrinidadandTobago","UnitedKingdom",0.00,2120.756
"TrinidadandTobago","UnitedStates",0.00,61815.07
"Tunisia","Turkey",0.00,.334
"Tunisia","Uganda",0.00,1.589
"Tunisia","UnitedArabEmirates",0.00,7.811
"Tunisia","UnitedKingdom",0.00,5854.264
"Tunisia","UnitedStates",0.00,2447.363
"Tunisia","Venezuela",0.00,.004
"Tunisia","Yemen",0.00,.021
"Tunisia","Zambia",0.00,25.653
"Turkey","Ukraine",0.00,3.007
"Turkey","UnitedStates",0.00,46306.95
"Turkmenistan","UnitedStates",0.00,2009.641
"TurksandCaicos","UnitedStates",0.00,14481.83
"Uganda","UnitedKingdom",0.00,3867.687
"Uganda","UnitedStates",0.00,1555.588
"UnitedArabEmirates","UnitedKingdom",0.00,31664.48
"UnitedArabEmirates","UnitedStates",0.01,173550.2
"UnitedKingdom","UnitedStates",0.16,2138655
"UnitedKingdom","Uruguay",0.00,5125.669
"UnitedKingdom","Vanuatu",0.00,214.144
"UnitedKingdom","Venezuela",0.00,50623.22
"UnitedKingdom","VietNam",0.00,1233.536
"UnitedKingdom","Yemen",0.00,2835.416
"UnitedKingdom","Zambia",0.00,720.219
"UnitedKingdom","Zimbabwe",0.00,5753.323
"UnitedStates","Uruguay",0.00,19562.22
"UnitedStates","Uzbekistan",0.00,14132.15
"UnitedStates","Vanuatu",0.00,548.457
"UnitedStates","Venezuela",0.01,158013.2
"UnitedStates","VietNam",0.00,12311.49
"UnitedStates","Yemen",0.00,3620.075
"UnitedStates","Zambia",0.00,2986.612
"UnitedStates","Zimbabwe",0.00,3843.228
"Zambia","Zimbabwe",0.00,161.9
